station_code,year,seed,checkpoint_step,algorithm,date,doy,dap,rain,srad,tmax,tmin,swfac,nstres,topwt,grnwt,xlai,reward,discrete_action_index,requested_discrete_action_index,mask_forced_noop,raw_action_amir,raw_action_anfer,safe_action_amir,safe_action_anfer,season_cumulative_irrigation,season_cumulative_n,action_safety_triggered,mask_valid_action_count,yield_component,resource_cost,water_stress_relief,nitrogen_stress_relief,stress_relief_bonus,reward_unscaled,reward_scale,reward_stress_aware,previous_cumulative_irrigation,previous_cumulative_n,done,info
HLA,2016,0,50000,MaskablePPO,2016-05-04,125,1,0.0,12.188,19.0,9.1,0.0,0.0,0.0,0.0,0.0,0.022300005364418014,13,13,False,45.0,40.0,45.0,40.0,45.0,40.0,,1,0.0,112.70000000000002,0.30000001192092896,0.0,135.00000536441803,22.300005364418013,0.001,0.022300005364418014,0.0,0.0,False,"{""sat"": ""[0.49000001 0.49000001 0.49000001 0.50999999 0.50999999 0.51999998\n 0.51999998 0.46000001]"", ""dul"": ""[0.38999999 0.38999999 0.38999999 0.38       0.38       0.38\n 0.38       0.36000001]"", ""ll"": ""[0.11 0.11 0.11 0.11 0.11 0.11 0.11 0.11]"", ""dlayr"": ""[ 5. 10.  5. 10. 10. 10. 10. 30.]""}"
HLA,2016,0,50000,MaskablePPO,2016-05-05,126,2,0.0,24.577,23.6,3.2,0.0,0.0,0.0,0.0,0.0,0.0,0,0,False,0.0,0.0,0.0,0.0,45.0,40.0,,1,0.0,0.0,0.0,0.0,0.0,0.0,0.001,0.0,45.0,40.0,False,"{""sat"": ""[0.49000001 0.49000001 0.49000001 0.50999999 0.50999999 0.51999998\n 0.51999998 0.46000001]"", ""dul"": ""[0.38999999 0.38999999 0.38999999 0.38       0.38       0.38\n 0.38       0.36000001]"", ""ll"": ""[0.11 0.11 0.11 0.11 0.11 0.11 0.11 0.11]"", ""dlayr"": ""[ 5. 10.  5. 10. 10. 10. 10. 30.]""}"
HLA,2016,0,50000,MaskablePPO,2016-05-06,127,3,2.8,4.708,17.5,6.5,0.0,0.0,0.0,0.0,0.0,0.0,0,0,False,0.0,0.0,0.0,0.0,45.0,40.0,,1,0.0,0.0,0.0,0.0,0.0,0.0,0.001,0.0,45.0,40.0,False,"{""sat"": ""[0.49000001 0.49000001 0.49000001 0.50999999 0.50999999 0.51999998\n 0.51999998 0.46000001]"", ""dul"": ""[0.38999999 0.38999999 0.38999999 0.38       0.38       0.38\n 0.38       0.36000001]"", ""ll"": ""[0.11 0.11 0.11 0.11 0.11 0.11 0.11 0.11]"", ""dlayr"": ""[ 5. 10.  5. 10. 10. 10. 10. 30.]""}"
HLA,2016,0,50000,MaskablePPO,2016-05-07,128,4,0.0,27.096,19.1,1.2,0.0,0.0,0.0,0.0,0.0,0.0,0,0,False,0.0,0.0,0.0,0.0,45.0,40.0,,1,0.0,0.0,0.0,0.0,0.0,0.0,0.001,0.0,45.0,40.0,False,"{""sat"": ""[0.49000001 0.49000001 0.49000001 0.50999999 0.50999999 0.51999998\n 0.51999998 0.46000001]"", ""dul"": ""[0.38999999 0.38999999 0.38999999 0.38       0.38       0.38\n 0.38       0.36000001]"", ""ll"": ""[0.11 0.11 0.11 0.11 0.11 0.11 0.11 0.11]"", ""dlayr"": ""[ 5. 10.  5. 10. 10. 10. 10. 30.]""}"
HLA,2016,0,50000,MaskablePPO,2016-05-08,129,5,0.0,17.124,19.2,5.6,0.0,0.0,0.0,0.0,0.0,0.0,0,0,False,0.0,0.0,0.0,0.0,45.0,40.0,,1,0.0,0.0,0.0,0.0,0.0,0.0,0.001,0.0,45.0,40.0,False,"{""sat"": ""[0.49000001 0.49000001 0.49000001 0.50999999 0.50999999 0.51999998\n 0.51999998 0.46000001]"", ""dul"": ""[0.38999999 0.38999999 0.38999999 0.38       0.38       0.38\n 0.38       0.36000001]"", ""ll"": ""[0.11 0.11 0.11 0.11 0.11 0.11 0.11 0.11]"", ""dlayr"": ""[ 5. 10.  5. 10. 10. 10. 10. 30.]""}"
HLA,2016,0,50000,MaskablePPO,2016-05-04,125,1,0.0,12.188,19.0,9.1,0.0,0.0,0.0,0.0,0.0,0.0,0,0,False,0.0,0.0,0.0,0.0,45.0,40.0,,1,0.0,0.0,0.0,0.0,0.0,0.0,0.001,0.0,45.0,40.0,False,"{""sat"": ""[0.49000001 0.49000001 0.49000001 0.50999999 0.50999999 0.51999998\n 0.51999998 0.46000001]"", ""dul"": ""[0.38999999 0.38999999 0.38999999 0.38       0.38       0.38\n 0.38       0.36000001]"", ""ll"": ""[0.11 0.11 0.11 0.11 0.11 0.11 0.11 0.11]"", ""dlayr"": ""[ 5. 10.  5. 10. 10. 10. 10. 30.]""}"
HLA,2016,0,50000,MaskablePPO,2016-05-05,126,2,0.0,24.577,23.6,3.2,0.0,0.0,0.0,0.0,0.0,0.0,0,0,False,0.0,0.0,0.0,0.0,45.0,40.0,,1,0.0,0.0,0.0,0.0,0.0,0.0,0.001,0.0,45.0,40.0,False,"{""sat"": ""[0.49000001 0.49000001 0.49000001 0.50999999 0.50999999 0.51999998\n 0.51999998 0.46000001]"", ""dul"": ""[0.38999999 0.38999999 0.38999999 0.38       0.38       0.38\n 0.38       0.36000001]"", ""ll"": ""[0.11 0.11 0.11 0.11 0.11 0.11 0.11 0.11]"", ""dlayr"": ""[ 5. 10.  5. 10. 10. 10. 10. 30.]""}"
HLA,2016,0,50000,MaskablePPO,2016-05-06,127,3,2.8,4.708,17.5,6.5,0.0,0.0,0.0,0.0,0.0,0.0,0,0,False,0.0,0.0,0.0,0.0,45.0,40.0,,1,0.0,0.0,0.0,0.0,0.0,0.0,0.001,0.0,45.0,40.0,False,"{""sat"": ""[0.49000001 0.49000001 0.49000001 0.50999999 0.50999999 0.51999998\n 0.51999998 0.46000001]"", ""dul"": ""[0.38999999 0.38999999 0.38999999 0.38       0.38       0.38\n 0.38       0.36000001]"", ""ll"": ""[0.11 0.11 0.11 0.11 0.11 0.11 0.11 0.11]"", ""dlayr"": ""[ 5. 10.  5. 10. 10. 10. 10. 30.]""}"
HLA,2016,0,50000,MaskablePPO,2016-05-07,128,4,0.0,27.096,19.1,1.2,0.0,0.0,0.0,0.0,0.0,0.0,0,0,False,0.0,0.0,0.0,0.0,45.0,40.0,,1,0.0,0.0,0.0,0.0,0.0,0.0,0.001,0.0,45.0,40.0,False,"{""sat"": ""[0.49000001 0.49000001 0.49000001 0.50999999 0.50999999 0.51999998\n 0.51999998 0.46000001]"", ""dul"": ""[0.38999999 0.38999999 0.38999999 0.38       0.38       0.38\n 0.38       0.36000001]"", ""ll"": ""[0.11 0.11 0.11 0.11 0.11 0.11 0.11 0.11]"", ""dlayr"": ""[ 5. 10.  5. 10. 10. 10. 10. 30.]""}"
HLA,2016,0,50000,MaskablePPO,2016-05-08,129,5,0.0,17.124,19.2,5.6,0.0,0.0,0.0,0.0,0.0,0.0,0,0,False,0.0,0.0,0.0,0.0,45.0,40.0,,1,0.0,0.0,0.0,0.0,0.0,0.0,0.001,0.0,45.0,40.0,False,"{""sat"": ""[0.49000001 0.49000001 0.49000001 0.50999999 0.50999999 0.51999998\n 0.51999998 0.46000001]"", ""dul"": ""[0.38999999 0.38999999 0.38999999 0.38       0.38       0.38\n 0.38       0.36000001]"", ""ll"": ""[0.11 0.11 0.11 0.11 0.11 0.11 0.11 0.11]"", ""dlayr"": ""[ 5. 10.  5. 10. 10. 10. 10. 30.]""}"
HLA,2016,0,50000,MaskablePPO,2016-05-09,130,6,0.0,25.618,20.5,11.6,0.0,0.0,0.0,0.0,0.0,0.0,0,0,False,0.0,0.0,0.0,0.0,45.0,40.0,,1,0.0,0.0,0.0,0.0,0.0,0.0,0.001,0.0,45.0,40.0,False,"{""sat"": ""[0.49000001 0.49000001 0.49000001 0.50999999 0.50999999 0.51999998\n 0.51999998 0.46000001]"", ""dul"": ""[0.38999999 0.38999999 0.38999999 0.38       0.38       0.38\n 0.38       0.36000001]"", ""ll"": ""[0.11 0.11 0.11 0.11 0.11 0.11 0.11 0.11]"", ""dlayr"": ""[ 5. 10.  5. 10. 10. 10. 10. 30.]""}"
HLA,2016,0,50000,MaskablePPO,2016-05-10,131,7,0.0,23.43,22.5,5.2,0.0,0.0,0.0,0.0,0.0,0.0,0,0,False,0.0,0.0,0.0,0.0,45.0,40.0,,16,0.0,0.0,0.0,0.0,0.0,0.0,0.001,0.0,45.0,40.0,False,"{""sat"": ""[0.49000001 0.49000001 0.49000001 0.50999999 0.50999999 0.51999998\n 0.51999998 0.46000001]"", ""dul"": ""[0.38999999 0.38999999 0.38999999 0.38       0.38       0.38\n 0.38       0.36000001]"", ""ll"": ""[0.11 0.11 0.11 0.11 0.11 0.11 0.11 0.11]"", ""dlayr"": ""[ 5. 10.  5. 10. 10. 10. 10. 30.]""}"
HLA,2016,0,50000,MaskablePPO,2016-05-11,132,8,0.0,14.648,22.4,11.1,0.0,0.0,0.0,0.0,0.0,-0.0632,1,1,False,0.0,40.0,0.0,40.0,45.0,80.0,,4,0.0,63.2,0.0,0.0,0.0,-63.2,0.001,-0.0632,45.0,40.0,False,"{""sat"": ""[0.49000001 0.49000001 0.49000001 0.50999999 0.50999999 0.51999998\n 0.51999998 0.46000001]"", ""dul"": ""[0.38999999 0.38999999 0.38999999 0.38       0.38       0.38\n 0.38       0.36000001]"", ""ll"": ""[0.11 0.11 0.11 0.11 0.11 0.11 0.11 0.11]"", ""dlayr"": ""[ 5. 10.  5. 10. 10. 10. 10. 30.]""}"
HLA,2016,0,50000,MaskablePPO,2016-05-12,133,9,3.5,3.151,18.0,3.8,0.0,0.0,0.0,0.0,0.0,-0.033,8,8,False,30.0,0.0,30.0,0.0,75.0,80.0,,1,0.0,33.0,0.0,0.0,0.0,-33.0,0.001,-0.033,45.0,80.0,False,"{""sat"": ""[0.49000001 0.49000001 0.49000001 0.50999999 0.50999999 0.51999998\n 0.51999998 0.46000001]"", ""dul"": ""[0.38999999 0.38999999 0.38999999 0.38       0.38       0.38\n 0.38       0.36000001]"", ""ll"": ""[0.11 0.11 0.11 0.11 0.11 0.11 0.11 0.11]"", ""dlayr"": ""[ 5. 10.  5. 10. 10. 10. 10. 30.]""}"
HLA,2016,0,50000,MaskablePPO,2016-05-13,134,10,0.2,27.941,17.2,3.4,0.0,0.0,0.0,0.0,0.0,0.0,0,0,False,0.0,0.0,0.0,0.0,75.0,80.0,,1,0.0,0.0,0.0,0.0,0.0,0.0,0.001,0.0,75.0,80.0,False,"{""sat"": ""[0.49000001 0.49000001 0.49000001 0.50999999 0.50999999 0.51999998\n 0.51999998 0.46000001]"", ""dul"": ""[0.38999999 0.38999999 0.38999999 0.38       0.38       0.38\n 0.38       0.36000001]"", ""ll"": ""[0.11 0.11 0.11 0.11 0.11 0.11 0.11 0.11]"", ""dlayr"": ""[ 5. 10.  5. 10. 10. 10. 10. 30.]""}"
HLA,2016,0,50000,MaskablePPO,2016-05-14,135,11,0.0,10.885,19.4,9.0,0.0,0.0,0.0,0.0,0.0,0.0,0,0,False,0.0,0.0,0.0,0.0,75.0,80.0,,1,0.0,0.0,0.0,0.0,0.0,0.0,0.001,0.0,75.0,80.0,False,"{""sat"": ""[0.49000001 0.49000001 0.49000001 0.50999999 0.50999999 0.51999998\n 0.51999998 0.46000001]"", ""dul"": ""[0.38999999 0.38999999 0.38999999 0.38       0.38       0.38\n 0.38       0.36000001]"", ""ll"": ""[0.11 0.11 0.11 0.11 0.11 0.11 0.11 0.11]"", ""dlayr"": ""[ 5. 10.  5. 10. 10. 10. 10. 30.]""}"
HLA,2016,0,50000,MaskablePPO,2016-05-15,136,12,1.3,13.981,15.5,7.7,0.0,0.0,0.0,0.0,0.0,0.0,0,0,False,0.0,0.0,0.0,0.0,75.0,80.0,,1,0.0,0.0,0.0,0.0,0.0,0.0,0.001,0.0,75.0,80.0,False,"{""sat"": ""[0.49000001 0.49000001 0.49000001 0.50999999 0.50999999 0.51999998\n 0.51999998 0.46000001]"", ""dul"": ""[0.38999999 0.38999999 0.38999999 0.38       0.38       0.38\n 0.38       0.36000001]"", ""ll"": ""[0.11 0.11 0.11 0.11 0.11 0.11 0.11 0.11]"", ""dlayr"": ""[ 5. 10.  5. 10. 10. 10. 10. 30.]""}"
HLA,2016,0,50000,MaskablePPO,2016-05-16,137,13,5.5,5.99,11.2,4.1,0.0,0.0,0.0,0.0,0.0,0.0,0,0,False,0.0,0.0,0.0,0.0,75.0,80.0,,1,0.0,0.0,0.0,0.0,0.0,0.0,0.001,0.0,75.0,80.0,False,"{""sat"": ""[0.49000001 0.49000001 0.49000001 0.50999999 0.50999999 0.51999998\n 0.51999998 0.46000001]"", ""dul"": ""[0.38999999 0.38999999 0.38999999 0.38       0.38       0.38\n 0.38       0.36000001]"", ""ll"": ""[0.11 0.11 0.11 0.11 0.11 0.11 0.11 0.11]"", ""dlayr"": ""[ 5. 10.  5. 10. 10. 10. 10. 30.]""}"
HLA,2016,0,50000,MaskablePPO,2016-05-17,138,14,0.0,23.653,24.3,5.1,0.0,0.012191057205200195,20.0,0.0,0.0030450010672211647,0.0,0,0,False,0.0,0.0,0.0,0.0,75.0,80.0,,4,0.0,0.0,0.0,0.0,0.0,0.0,0.001,0.0,75.0,80.0,False,"{""sat"": ""[0.49000001 0.49000001 0.49000001 0.50999999 0.50999999 0.51999998\n 0.51999998 0.46000001]"", ""dul"": ""[0.38999999 0.38999999 0.38999999 0.38       0.38       0.38\n 0.38       0.36000001]"", ""ll"": ""[0.11 0.11 0.11 0.11 0.11 0.11 0.11 0.11]"", ""dlayr"": ""[ 5. 10.  5. 10. 10. 10. 10. 30.]""}"
HLA,2016,0,50000,MaskablePPO,2016-05-18,139,15,0.0,17.978,32.1,14.9,0.0,0.011957406997680664,20.0,0.0,0.005964158568531275,-0.0631532699584961,1,1,False,0.0,40.0,0.0,40.0,75.0,120.0,,4,0.0,63.2,0.0,0.00023365020751953125,0.04673004150390625,-63.1532699584961,0.001,-0.0631532699584961,75.0,80.0,False,"{""sat"": ""[0.49000001 0.49000001 0.49000001 0.50999999 0.50999999 0.51999998\n 0.51999998 0.46000001]"", ""dul"": ""[0.38999999 0.38999999 0.38999999 0.38       0.38       0.38\n 0.38       0.36000001]"", ""ll"": ""[0.11 0.11 0.11 0.11 0.11 0.11 0.11 0.11]"", ""dlayr"": ""[ 5. 10.  5. 10. 10. 10. 10. 30.]""}"
HLA,2016,0,50000,MaskablePPO,2016-05-19,140,16,0.0,24.492,29.2,16.4,0.0,0.005602061748504639,20.0,0.0,0.00955162663012743,-0.033,8,8,False,30.0,0.0,30.0,0.0,105.0,120.0,,1,0.0,33.0,0.0,0.006355345249176025,0.0,-33.0,0.001,-0.033,75.0,120.0,False,"{""sat"": ""[0.49000001 0.49000001 0.49000001 0.50999999 0.50999999 0.51999998\n 0.51999998 0.46000001]"", ""dul"": ""[0.38999999 0.38999999 0.38999999 0.38       0.38       0.38\n 0.38       0.36000001]"", ""ll"": ""[0.11 0.11 0.11 0.11 0.11 0.11 0.11 0.11]"", ""dlayr"": ""[ 5. 10.  5. 10. 10. 10. 10. 30.]""}"
HLA,2016,0,50000,MaskablePPO,2016-05-20,141,17,0.0,25.146,30.9,16.4,0.0,0.0007727146148681641,20.0,0.0,0.012447396293282509,0.0,0,0,False,0.0,0.0,0.0,0.0,105.0,120.0,,1,0.0,0.0,0.0,0.004829347133636475,0.0,0.0,0.001,0.0,105.0,120.0,False,"{""sat"": ""[0.49000001 0.49000001 0.49000001 0.50999999 0.50999999 0.51999998\n 0.51999998 0.46000001]"", ""dul"": ""[0.38999999 0.38999999 0.38999999 0.38       0.38       0.38\n 0.38       0.36000001]"", ""ll"": ""[0.11 0.11 0.11 0.11 0.11 0.11 0.11 0.11]"", ""dlayr"": ""[ 5. 10.  5. 10. 10. 10. 10. 30.]""}"
HLA,2016,0,50000,MaskablePPO,2016-05-21,142,18,0.0,23.806,25.1,14.7,0.0,0.0,20.0,0.0,0.014273901470005512,0.0,0,0,False,0.0,0.0,0.0,0.0,105.0,120.0,,1,0.0,0.0,0.0,0.0007727146148681641,0.0,0.0,0.001,0.0,105.0,120.0,False,"{""sat"": ""[0.49000001 0.49000001 0.49000001 0.50999999 0.50999999 0.51999998\n 0.51999998 0.46000001]"", ""dul"": ""[0.38999999 0.38999999 0.38999999 0.38       0.38       0.38\n 0.38       0.36000001]"", ""ll"": ""[0.11 0.11 0.11 0.11 0.11 0.11 0.11 0.11]"", ""dlayr"": ""[ 5. 10.  5. 10. 10. 10. 10. 30.]""}"
HLA,2016,0,50000,MaskablePPO,2016-05-22,143,19,0.0,25.362,23.6,6.1,0.0,0.0,20.0,0.0,0.023356352001428604,0.0,0,0,False,0.0,0.0,0.0,0.0,105.0,120.0,,1,0.0,0.0,0.0,0.0,0.0,0.0,0.001,0.0,105.0,120.0,False,"{""sat"": ""[0.49000001 0.49000001 0.49000001 0.50999999 0.50999999 0.51999998\n 0.51999998 0.46000001]"", ""dul"": ""[0.38999999 0.38999999 0.38999999 0.38       0.38       0.38\n 0.38       0.36000001]"", ""ll"": ""[0.11 0.11 0.11 0.11 0.11 0.11 0.11 0.11]"", ""dlayr"": ""[ 5. 10.  5. 10. 10. 10. 10. 30.]""}"
HLA,2016,0,50000,MaskablePPO,2016-05-23,144,20,0.0,24.74,25.1,14.0,0.0,0.0,20.0,0.0,0.029413670301437378,0.0,0,0,False,0.0,0.0,0.0,0.0,105.0,120.0,,1,0.0,0.0,0.0,0.0,0.0,0.0,0.001,0.0,105.0,120.0,False,"{""sat"": ""[0.49000001 0.49000001 0.49000001 0.50999999 0.50999999 0.51999998\n 0.51999998 0.46000001]"", ""dul"": ""[0.38999999 0.38999999 0.38999999 0.38       0.38       0.38\n 0.38       0.36000001]"", ""ll"": ""[0.11 0.11 0.11 0.11 0.11 0.11 0.11 0.11]"", ""dlayr"": ""[ 5. 10.  5. 10. 10. 10. 10. 30.]""}"
HLA,2016,0,50000,MaskablePPO,2016-05-24,145,21,15.5,4.896,21.3,10.8,0.0,0.0,20.0,0.0,0.03349393978714943,0.0,0,0,False,0.0,0.0,0.0,0.0,105.0,120.0,,4,0.0,0.0,0.0,0.0,0.0,0.0,0.001,0.0,105.0,120.0,False,"{""sat"": ""[0.49000001 0.49000001 0.49000001 0.50999999 0.50999999 0.51999998\n 0.51999998 0.46000001]"", ""dul"": ""[0.38999999 0.38999999 0.38999999 0.38       0.38       0.38\n 0.38       0.36000001]"", ""ll"": ""[0.11 0.11 0.11 0.11 0.11 0.11 0.11 0.11]"", ""dlayr"": ""[ 5. 10.  5. 10. 10. 10. 10. 30.]""}"
HLA,2016,0,50000,MaskablePPO,2016-05-25,146,22,1.1,9.764,16.3,9.9,0.0,0.0,20.151312351226807,0.0,0.03473328799009323,-0.0632,1,1,False,0.0,40.0,0.0,40.0,105.0,160.0,,4,0.0,63.2,0.0,0.0,0.0,-63.2,0.001,-0.0632,105.0,120.0,False,"{""sat"": ""[0.49000001 0.49000001 0.49000001 0.50999999 0.50999999 0.51999998\n 0.51999998 0.46000001]"", ""dul"": ""[0.38999999 0.38999999 0.38999999 0.38       0.38       0.38\n 0.38       0.36000001]"", ""ll"": ""[0.11 0.11 0.11 0.11 0.11 0.11 0.11 0.11]"", ""dlayr"": ""[ 5. 10.  5. 10. 10. 10. 10. 30.]""}"
HLA,2016,0,50000,MaskablePPO,2016-05-26,147,23,10.2,10.029,14.7,8.6,0.0,0.0,21.439757347106934,0.0,0.03819737210869789,-0.033,8,8,False,30.0,0.0,30.0,0.0,135.0,160.0,,1,0.0,33.0,0.0,0.0,0.0,-33.0,0.001,-0.033,105.0,160.0,False,"{""sat"": ""[0.49000001 0.49000001 0.49000001 0.50999999 0.50999999 0.51999998\n 0.51999998 0.46000001]"", ""dul"": ""[0.38999999 0.38999999 0.38999999 0.38       0.38       0.38\n 0.38       0.36000001]"", ""ll"": ""[0.11 0.11 0.11 0.11 0.11 0.11 0.11 0.11]"", ""dlayr"": ""[ 5. 10.  5. 10. 10. 10. 10. 30.]""}"
HLA,2016,0,50000,MaskablePPO,2016-05-27,148,24,0.0,28.246,19.9,8.3,0.0,0.0,23.71368169784546,0.0,0.04412725567817688,0.0,0,0,False,0.0,0.0,0.0,0.0,135.0,160.0,,1,0.0,0.0,0.0,0.0,0.0,0.0,0.001,0.0,135.0,160.0,False,"{""sat"": ""[0.49000001 0.49000001 0.49000001 0.50999999 0.50999999 0.51999998\n 0.51999998 0.46000001]"", ""dul"": ""[0.38999999 0.38999999 0.38999999 0.38       0.38       0.38\n 0.38       0.36000001]"", ""ll"": ""[0.11 0.11 0.11 0.11 0.11 0.11 0.11 0.11]"", ""dlayr"": ""[ 5. 10.  5. 10. 10. 10. 10. 30.]""}"
HLA,2016,0,50000,MaskablePPO,2016-05-28,149,25,0.0,21.942,24.5,8.1,0.0,0.0,26.889896392822266,0.0,0.05209136754274368,0.0,0,0,False,0.0,0.0,0.0,0.0,135.0,160.0,,1,0.0,0.0,0.0,0.0,0.0,0.0,0.001,0.0,135.0,160.0,False,"{""sat"": ""[0.49000001 0.49000001 0.49000001 0.50999999 0.50999999 0.51999998\n 0.51999998 0.46000001]"", ""dul"": ""[0.38999999 0.38999999 0.38999999 0.38       0.38       0.38\n 0.38       0.36000001]"", ""ll"": ""[0.11 0.11 0.11 0.11 0.11 0.11 0.11 0.11]"", ""dlayr"": ""[ 5. 10.  5. 10. 10. 10. 10. 30.]""}"
HLA,2016,0,50000,MaskablePPO,2016-05-29,150,26,1.3,25.566,21.4,10.2,0.0,0.0,28.306660652160645,0.0,0.05554122105240822,0.0,0,0,False,0.0,0.0,0.0,0.0,135.0,160.0,,1,0.0,0.0,0.0,0.0,0.0,0.0,0.001,0.0,135.0,160.0,False,"{""sat"": ""[0.49000001 0.49000001 0.49000001 0.50999999 0.50999999 0.51999998\n 0.51999998 0.46000001]"", ""dul"": ""[0.38999999 0.38999999 0.38999999 0.38       0.38       0.38\n 0.38       0.36000001]"", ""ll"": ""[0.11 0.11 0.11 0.11 0.11 0.11 0.11 0.11]"", ""dlayr"": ""[ 5. 10.  5. 10. 10. 10. 10. 30.]""}"
HLA,2016,0,50000,MaskablePPO,2016-05-30,151,27,5.9,6.606,15.0,8.6,0.0,0.0,31.93166494369507,0.0,0.06413229554891586,0.0,0,0,False,0.0,0.0,0.0,0.0,135.0,160.0,,1,0.0,0.0,0.0,0.0,0.0,0.0,0.001,0.0,135.0,160.0,False,"{""sat"": ""[0.49000001 0.49000001 0.49000001 0.50999999 0.50999999 0.51999998\n 0.51999998 0.46000001]"", ""dul"": ""[0.38999999 0.38999999 0.38999999 0.38       0.38       0.38\n 0.38       0.36000001]"", ""ll"": ""[0.11 0.11 0.11 0.11 0.11 0.11 0.11 0.11]"", ""dlayr"": ""[ 5. 10.  5. 10. 10. 10. 10. 30.]""}"
HLA,2016,0,50000,MaskablePPO,2016-05-31,152,28,0.0,25.677,22.9,6.6,0.0,0.0,37.69374370574951,0.0,0.07721450179815292,0.0,0,0,False,0.0,0.0,0.0,0.0,135.0,160.0,,3,0.0,0.0,0.0,0.0,0.0,0.0,0.001,0.0,135.0,160.0,False,"{""sat"": ""[0.49000001 0.49000001 0.49000001 0.50999999 0.50999999 0.51999998\n 0.51999998 0.46000001]"", ""dul"": ""[0.38999999 0.38999999 0.38999999 0.38       0.38       0.38\n 0.38       0.36000001]"", ""ll"": ""[0.11 0.11 0.11 0.11 0.11 0.11 0.11 0.11]"", ""dlayr"": ""[ 5. 10.  5. 10. 10. 10. 10. 30.]""}"
HLA,2016,0,50000,MaskablePPO,2016-06-01,153,29,0.0,27.803,26.5,8.3,0.0,0.0,45.69012641906738,0.0,0.09447617083787918,-0.0632,1,1,False,0.0,40.0,0.0,40.0,135.0,200.0,,2,0.0,63.2,0.0,0.0,0.0,-63.2,0.001,-0.0632,135.0,160.0,False,"{""sat"": ""[0.49000001 0.49000001 0.49000001 0.50999999 0.50999999 0.51999998\n 0.51999998 0.46000001]"", ""dul"": ""[0.38999999 0.38999999 0.38999999 0.38       0.38       0.38\n 0.38       0.36000001]"", ""ll"": ""[0.11 0.11 0.11 0.11 0.11 0.11 0.11 0.11]"", ""dlayr"": ""[ 5. 10.  5. 10. 10. 10. 10. 30.]""}"
HLA,2016,0,50000,MaskablePPO,2016-06-02,154,30,0.4,20.785,26.9,14.5,0.0,0.0,54.586477279663086,0.0,0.11276467144489288,0.0,0,0,False,0.0,0.0,0.0,0.0,135.0,200.0,,2,0.0,0.0,0.0,0.0,0.0,0.0,0.001,0.0,135.0,200.0,False,"{""sat"": ""[0.49000001 0.49000001 0.49000001 0.50999999 0.50999999 0.51999998\n 0.51999998 0.46000001]"", ""dul"": ""[0.38999999 0.38999999 0.38999999 0.38       0.38       0.38\n 0.38       0.36000001]"", ""ll"": ""[0.11 0.11 0.11 0.11 0.11 0.11 0.11 0.11]"", ""dlayr"": ""[ 5. 10.  5. 10. 10. 10. 10. 30.]""}"
HLA,2016,0,50000,MaskablePPO,2016-06-03,155,31,2.2,17.493,25.6,13.8,0.0,0.0,63.23875904083252,0.0,0.1298360377550125,0.0,0,0,False,0.0,0.0,0.0,0.0,135.0,200.0,,2,0.0,0.0,0.0,0.0,0.0,0.0,0.001,0.0,135.0,200.0,False,"{""sat"": ""[0.49000001 0.49000001 0.49000001 0.50999999 0.50999999 0.51999998\n 0.51999998 0.46000001]"", ""dul"": ""[0.38999999 0.38999999 0.38999999 0.38       0.38       0.38\n 0.38       0.36000001]"", ""ll"": ""[0.11 0.11 0.11 0.11 0.11 0.11 0.11 0.11]"", ""dlayr"": ""[ 5. 10.  5. 10. 10. 10. 10. 30.]""}"
HLA,2016,0,50000,MaskablePPO,2016-06-04,156,32,0.0,27.719,23.9,9.2,0.0,0.0,79.92412567138672,0.0,0.1612454354763031,0.0,0,0,False,0.0,0.0,0.0,0.0,135.0,200.0,,2,0.0,0.0,0.0,0.0,0.0,0.0,0.001,0.0,135.0,200.0,False,"{""sat"": ""[0.49000001 0.49000001 0.49000001 0.50999999 0.50999999 0.51999998\n 0.51999998 0.46000001]"", ""dul"": ""[0.38999999 0.38999999 0.38999999 0.38       0.38       0.38\n 0.38       0.36000001]"", ""ll"": ""[0.11 0.11 0.11 0.11 0.11 0.11 0.11 0.11]"", ""dlayr"": ""[ 5. 10.  5. 10. 10. 10. 10. 30.]""}"
HLA,2016,0,50000,MaskablePPO,2016-06-05,157,33,0.0,18.074,31.1,14.4,0.0,0.0,91.16336822509766,0.0,0.1815071851015091,0.0,0,0,False,0.0,0.0,0.0,0.0,135.0,200.0,,2,0.0,0.0,0.0,0.0,0.0,0.0,0.001,0.0,135.0,200.0,False,"{""sat"": ""[0.49000001 0.49000001 0.49000001 0.50999999 0.50999999 0.51999998\n 0.51999998 0.46000001]"", ""dul"": ""[0.38999999 0.38999999 0.38999999 0.38       0.38       0.38\n 0.38       0.36000001]"", ""ll"": ""[0.11 0.11 0.11 0.11 0.11 0.11 0.11 0.11]"", ""dlayr"": ""[ 5. 10.  5. 10. 10. 10. 10. 30.]""}"
HLA,2016,0,50000,MaskablePPO,2016-06-06,158,34,2.6,9.004,21.4,13.6,0.0,0.0,105.96451759338379,0.0,0.20732125639915466,0.0,0,0,False,0.0,0.0,0.0,0.0,135.0,200.0,,2,0.0,0.0,0.0,0.0,0.0,0.0,0.001,0.0,135.0,200.0,False,"{""sat"": ""[0.49000001 0.49000001 0.49000001 0.50999999 0.50999999 0.51999998\n 0.51999998 0.46000001]"", ""dul"": ""[0.38999999 0.38999999 0.38999999 0.38       0.38       0.38\n 0.38       0.36000001]"", ""ll"": ""[0.11 0.11 0.11 0.11 0.11 0.11 0.11 0.11]"", ""dlayr"": ""[ 5. 10.  5. 10. 10. 10. 10. 30.]""}"
HLA,2016,0,50000,MaskablePPO,2016-06-07,159,35,0.0,24.809,24.9,10.9,0.0,0.0,119.96147155761719,0.0,0.23097242414951324,0.0,0,0,False,0.0,0.0,0.0,0.0,135.0,200.0,,4,0.0,0.0,0.0,0.0,0.0,0.0,0.001,0.0,135.0,200.0,False,"{""sat"": ""[0.49000001 0.49000001 0.49000001 0.50999999 0.50999999 0.51999998\n 0.51999998 0.46000001]"", ""dul"": ""[0.38999999 0.38999999 0.38999999 0.38       0.38       0.38\n 0.38       0.36000001]"", ""ll"": ""[0.11 0.11 0.11 0.11 0.11 0.11 0.11 0.11]"", ""dlayr"": ""[ 5. 10.  5. 10. 10. 10. 10. 30.]""}"
HLA,2016,0,50000,MaskablePPO,2016-06-08,160,36,0.0,16.635,21.7,12.7,0.0,0.0,128.25738906860352,0.0,0.2613557279109955,-0.0632,1,1,False,0.0,40.0,0.0,40.0,135.0,240.0,,2,0.0,63.2,0.0,0.0,0.0,-63.2,0.001,-0.0632,135.0,200.0,False,"{""sat"": ""[0.49000001 0.49000001 0.49000001 0.50999999 0.50999999 0.51999998\n 0.51999998 0.46000001]"", ""dul"": ""[0.38999999 0.38999999 0.38999999 0.38       0.38       0.38\n 0.38       0.36000001]"", ""ll"": ""[0.11 0.11 0.11 0.11 0.11 0.11 0.11 0.11]"", ""dlayr"": ""[ 5. 10.  5. 10. 10. 10. 10. 30.]""}"
HLA,2016,0,50000,MaskablePPO,2016-06-09,161,37,7.6,26.604,24.4,8.0,0.0,0.0012699365615844727,136.12910270690918,0.0,0.2749814987182617,0.0,0,0,False,0.0,0.0,0.0,0.0,135.0,240.0,,2,0.0,0.0,0.0,0.0,0.0,0.0,0.001,0.0,135.0,240.0,False,"{""sat"": ""[0.49000001 0.49000001 0.49000001 0.50999999 0.50999999 0.51999998\n 0.51999998 0.46000001]"", ""dul"": ""[0.38999999 0.38999999 0.38999999 0.38       0.38       0.38\n 0.38       0.36000001]"", ""ll"": ""[0.11 0.11 0.11 0.11 0.11 0.11 0.11 0.11]"", ""dlayr"": ""[ 5. 10.  5. 10. 10. 10. 10. 30.]""}"
HLA,2016,0,50000,MaskablePPO,2016-06-10,162,38,0.0,3.332,20.1,13.6,0.0,0.03007441759109497,152.89626121520996,0.0,0.3034677803516388,0.0,0,0,False,0.0,0.0,0.0,0.0,135.0,240.0,,2,0.0,0.0,0.0,0.0,0.0,0.0,0.001,0.0,135.0,240.0,False,"{""sat"": ""[0.49000001 0.49000001 0.49000001 0.50999999 0.50999999 0.51999998\n 0.51999998 0.46000001]"", ""dul"": ""[0.38999999 0.38999999 0.38999999 0.38       0.38       0.38\n 0.38       0.36000001]"", ""ll"": ""[0.11 0.11 0.11 0.11 0.11 0.11 0.11 0.11]"", ""dlayr"": ""[ 5. 10.  5. 10. 10. 10. 10. 30.]""}"
HLA,2016,0,50000,MaskablePPO,2016-06-11,163,39,26.1,13.811,20.2,13.8,0.0,0.0,170.93589782714844,0.0,0.3336132764816284,0.0,0,0,False,0.0,0.0,0.0,0.0,135.0,240.0,,2,0.0,0.0,0.0,0.03007441759109497,0.0,0.0,0.001,0.0,135.0,240.0,False,"{""sat"": ""[0.49000001 0.49000001 0.49000001 0.50999999 0.50999999 0.51999998\n 0.51999998 0.46000001]"", ""dul"": ""[0.38999999 0.38999999 0.38999999 0.38       0.38       0.38\n 0.38       0.36000001]"", ""ll"": ""[0.11 0.11 0.11 0.11 0.11 0.11 0.11 0.11]"", ""dlayr"": ""[ 5. 10.  5. 10. 10. 10. 10. 30.]""}"
HLA,2016,0,50000,MaskablePPO,2016-06-12,164,40,3.2,14.703,21.7,10.3,0.0,0.0,185.833740234375,0.0,0.35780394077301025,0.0,0,0,False,0.0,0.0,0.0,0.0,135.0,240.0,,2,0.0,0.0,0.0,0.0,0.0,0.0,0.001,0.0,135.0,240.0,False,"{""sat"": ""[0.49000001 0.49000001 0.49000001 0.50999999 0.50999999 0.51999998\n 0.51999998 0.46000001]"", ""dul"": ""[0.38999999 0.38999999 0.38999999 0.38       0.38       0.38\n 0.38       0.36000001]"", ""ll"": ""[0.11 0.11 0.11 0.11 0.11 0.11 0.11 0.11]"", ""dlayr"": ""[ 5. 10.  5. 10. 10. 10. 10. 30.]""}"
HLA,2016,0,50000,MaskablePPO,2016-06-13,165,41,0.0,16.745,20.8,12.6,0.0,0.0,210.41688919067383,0.0,0.39685267210006714,0.0,0,0,False,0.0,0.0,0.0,0.0,135.0,240.0,,2,0.0,0.0,0.0,0.0,0.0,0.0,0.001,0.0,135.0,240.0,False,"{""sat"": ""[0.49000001 0.49000001 0.49000001 0.50999999 0.50999999 0.51999998\n 0.51999998 0.46000001]"", ""dul"": ""[0.38999999 0.38999999 0.38999999 0.38       0.38       0.38\n 0.38       0.36000001]"", ""ll"": ""[0.11 0.11 0.11 0.11 0.11 0.11 0.11 0.11]"", ""dlayr"": ""[ 5. 10.  5. 10. 10. 10. 10. 30.]""}"
HLA,2016,0,50000,MaskablePPO,2016-06-14,166,42,0.0,26.996,24.6,12.6,0.0,0.0,232.1426010131836,0.0,0.4304559826850891,0.0,0,0,False,0.0,0.0,0.0,0.0,135.0,240.0,,2,0.0,0.0,0.0,0.0,0.0,0.0,0.001,0.0,135.0,240.0,False,"{""sat"": ""[0.49000001 0.49000001 0.49000001 0.50999999 0.50999999 0.51999998\n 0.51999998 0.46000001]"", ""dul"": ""[0.38999999 0.38999999 0.38999999 0.38       0.38       0.38\n 0.38       0.36000001]"", ""ll"": ""[0.11 0.11 0.11 0.11 0.11 0.11 0.11 0.11]"", ""dlayr"": ""[ 5. 10.  5. 10. 10. 10. 10. 30.]""}"
HLA,2016,0,50000,MaskablePPO,2016-06-15,167,43,16.3,17.724,24.0,14.1,0.0,0.0,261.15530014038086,0.0,0.4724274277687073,0.0,0,0,False,0.0,0.0,0.0,0.0,135.0,240.0,,2,0.0,0.0,0.0,0.0,0.0,0.0,0.001,0.0,135.0,240.0,False,"{""sat"": ""[0.49000001 0.49000001 0.49000001 0.50999999 0.50999999 0.51999998\n 0.51999998 0.46000001]"", ""dul"": ""[0.38999999 0.38999999 0.38999999 0.38       0.38       0.38\n 0.38       0.36000001]"", ""ll"": ""[0.11 0.11 0.11 0.11 0.11 0.11 0.11 0.11]"", ""dlayr"": ""[ 5. 10.  5. 10. 10. 10. 10. 30.]""}"
HLA,2016,0,50000,MaskablePPO,2016-06-16,168,44,0.0,26.688,24.6,16.3,0.0,0.0,293.2477569580078,0.0,0.5211396217346191,0.0,0,0,False,0.0,0.0,0.0,0.0,135.0,240.0,,2,0.0,0.0,0.0,0.0,0.0,0.0,0.001,0.0,135.0,240.0,False,"{""sat"": ""[0.49000001 0.49000001 0.49000001 0.50999999 0.50999999 0.51999998\n 0.51999998 0.46000001]"", ""dul"": ""[0.38999999 0.38999999 0.38999999 0.38       0.38       0.38\n 0.38       0.36000001]"", ""ll"": ""[0.11 0.11 0.11 0.11 0.11 0.11 0.11 0.11]"", ""dlayr"": ""[ 5. 10.  5. 10. 10. 10. 10. 30.]""}"
HLA,2016,0,50000,MaskablePPO,2016-06-17,169,45,0.0,13.338,22.4,15.3,0.0,0.0,329.36187744140625,0.0,0.5742458701133728,0.0,0,0,False,0.0,0.0,0.0,0.0,135.0,240.0,,2,0.0,0.0,0.0,0.0,0.0,0.0,0.001,0.0,135.0,240.0,False,"{""sat"": ""[0.49000001 0.49000001 0.49000001 0.50999999 0.50999999 0.51999998\n 0.51999998 0.46000001]"", ""dul"": ""[0.38999999 0.38999999 0.38999999 0.38       0.38       0.38\n 0.38       0.36000001]"", ""ll"": ""[0.11 0.11 0.11 0.11 0.11 0.11 0.11 0.11]"", ""dlayr"": ""[ 5. 10.  5. 10. 10. 10. 10. 30.]""}"
HLA,2016,0,50000,MaskablePPO,2016-06-18,170,46,8.0,9.685,23.3,15.3,0.0,0.0,370.9987258911133,0.0,0.6333599090576172,0.0,0,0,False,0.0,0.0,0.0,0.0,135.0,240.0,,2,0.0,0.0,0.0,0.0,0.0,0.0,0.001,0.0,135.0,240.0,False,"{""sat"": ""[0.49000001 0.49000001 0.49000001 0.50999999 0.50999999 0.51999998\n 0.51999998 0.46000001]"", ""dul"": ""[0.38999999 0.38999999 0.38999999 0.38       0.38       0.38\n 0.38       0.36000001]"", ""ll"": ""[0.11 0.11 0.11 0.11 0.11 0.11 0.11 0.11]"", ""dlayr"": ""[ 5. 10.  5. 10. 10. 10. 10. 30.]""}"
HLA,2016,0,50000,MaskablePPO,2016-06-19,171,47,1.4,17.498,23.3,15.6,0.0,0.0,420.6955337524414,0.0,0.7011598348617554,0.0,0,0,False,0.0,0.0,0.0,0.0,135.0,240.0,,2,0.0,0.0,0.0,0.0,0.0,0.0,0.001,0.0,135.0,240.0,False,"{""sat"": ""[0.49000001 0.49000001 0.49000001 0.50999999 0.50999999 0.51999998\n 0.51999998 0.46000001]"", ""dul"": ""[0.38999999 0.38999999 0.38999999 0.38       0.38       0.38\n 0.38       0.36000001]"", ""ll"": ""[0.11 0.11 0.11 0.11 0.11 0.11 0.11 0.11]"", ""dlayr"": ""[ 5. 10.  5. 10. 10. 10. 10. 30.]""}"
HLA,2016,0,50000,MaskablePPO,2016-06-20,172,48,0.0,24.528,26.5,15.1,0.0,0.0,480.2826690673828,0.0,0.7788431644439697,0.0,0,0,False,0.0,0.0,0.0,0.0,135.0,240.0,,2,0.0,0.0,0.0,0.0,0.0,0.0,0.001,0.0,135.0,240.0,False,"{""sat"": ""[0.49000001 0.49000001 0.49000001 0.50999999 0.50999999 0.51999998\n 0.51999998 0.46000001]"", ""dul"": ""[0.38999999 0.38999999 0.38999999 0.38       0.38       0.38\n 0.38       0.36000001]"", ""ll"": ""[0.11 0.11 0.11 0.11 0.11 0.11 0.11 0.11]"", ""dlayr"": ""[ 5. 10.  5. 10. 10. 10. 10. 30.]""}"
HLA,2016,0,50000,MaskablePPO,2016-06-21,173,49,0.0,12.745,25.2,18.1,0.0,0.0,550.9384155273438,0.0,0.8666839599609375,0.0,0,0,False,0.0,0.0,0.0,0.0,135.0,240.0,,2,0.0,0.0,0.0,0.0,0.0,0.0,0.001,0.0,135.0,240.0,False,"{""sat"": ""[0.49000001 0.49000001 0.49000001 0.50999999 0.50999999 0.51999998\n 0.51999998 0.46000001]"", ""dul"": ""[0.38999999 0.38999999 0.38999999 0.38       0.38       0.38\n 0.38       0.36000001]"", ""ll"": ""[0.11 0.11 0.11 0.11 0.11 0.11 0.11 0.11]"", ""dlayr"": ""[ 5. 10.  5. 10. 10. 10. 10. 30.]""}"
HLA,2016,0,50000,MaskablePPO,2016-06-22,174,50,7.0,12.254,24.1,16.9,0.0,0.0,602.0605087280273,0.0,0.9278543591499329,0.0,0,0,False,0.0,0.0,0.0,0.0,135.0,240.0,,2,0.0,0.0,0.0,0.0,0.0,0.0,0.001,0.0,135.0,240.0,False,"{""sat"": ""[0.49000001 0.49000001 0.49000001 0.50999999 0.50999999 0.51999998\n 0.51999998 0.46000001]"", ""dul"": ""[0.38999999 0.38999999 0.38999999 0.38       0.38       0.38\n 0.38       0.36000001]"", ""ll"": ""[0.11 0.11 0.11 0.11 0.11 0.11 0.11 0.11]"", ""dlayr"": ""[ 5. 10.  5. 10. 10. 10. 10. 30.]""}"
HLA,2016,0,50000,MaskablePPO,2016-06-23,175,51,11.2,8.641,20.3,13.3,0.0,0.0,670.3226470947266,0.0,1.0061140060424805,0.0,0,0,False,0.0,0.0,0.0,0.0,135.0,240.0,,2,0.0,0.0,0.0,0.0,0.0,0.0,0.001,0.0,135.0,240.0,False,"{""sat"": ""[0.49000001 0.49000001 0.49000001 0.50999999 0.50999999 0.51999998\n 0.51999998 0.46000001]"", ""dul"": ""[0.38999999 0.38999999 0.38999999 0.38       0.38       0.38\n 0.38       0.36000001]"", ""ll"": ""[0.11 0.11 0.11 0.11 0.11 0.11 0.11 0.11]"", ""dlayr"": ""[ 5. 10.  5. 10. 10. 10. 10. 30.]""}"
HLA,2016,0,50000,MaskablePPO,2016-06-24,176,52,6.5,15.227,23.5,16.0,0.0,0.0,729.3779754638672,0.0,1.0710079669952393,0.0,0,0,False,0.0,0.0,0.0,0.0,135.0,240.0,,2,0.0,0.0,0.0,0.0,0.0,0.0,0.001,0.0,135.0,240.0,False,"{""sat"": ""[0.49000001 0.49000001 0.49000001 0.50999999 0.50999999 0.51999998\n 0.51999998 0.46000001]"", ""dul"": ""[0.38999999 0.38999999 0.38999999 0.38       0.38       0.38\n 0.38       0.36000001]"", ""ll"": ""[0.11 0.11 0.11 0.11 0.11 0.11 0.11 0.11]"", ""dlayr"": ""[ 5. 10.  5. 10. 10. 10. 10. 30.]""}"
HLA,2016,0,50000,MaskablePPO,2016-06-25,177,53,0.0,20.868,23.6,14.3,0.0,0.0,800.6629180908203,0.0,1.1458368301391602,0.0,0,0,False,0.0,0.0,0.0,0.0,135.0,240.0,,2,0.0,0.0,0.0,0.0,0.0,0.0,0.001,0.0,135.0,240.0,False,"{""sat"": ""[0.49000001 0.49000001 0.49000001 0.50999999 0.50999999 0.51999998\n 0.51999998 0.46000001]"", ""dul"": ""[0.38999999 0.38999999 0.38999999 0.38       0.38       0.38\n 0.38       0.36000001]"", ""ll"": ""[0.11 0.11 0.11 0.11 0.11 0.11 0.11 0.11]"", ""dlayr"": ""[ 5. 10.  5. 10. 10. 10. 10. 30.]""}"
HLA,2016,0,50000,MaskablePPO,2016-06-26,178,54,4.8,26.0,27.1,13.5,0.0,0.0,885.1443481445312,0.0,1.2301071882247925,0.0,0,0,False,0.0,0.0,0.0,0.0,135.0,240.0,,2,0.0,0.0,0.0,0.0,0.0,0.0,0.001,0.0,135.0,240.0,False,"{""sat"": ""[0.49000001 0.49000001 0.49000001 0.50999999 0.50999999 0.51999998\n 0.51999998 0.46000001]"", ""dul"": ""[0.38999999 0.38999999 0.38999999 0.38       0.38       0.38\n 0.38       0.36000001]"", ""ll"": ""[0.11 0.11 0.11 0.11 0.11 0.11 0.11 0.11]"", ""dlayr"": ""[ 5. 10.  5. 10. 10. 10. 10. 30.]""}"
HLA,2016,0,50000,MaskablePPO,2016-06-27,179,55,0.0,28.952,27.3,15.0,0.0,0.0,1008.1302642822266,0.0,1.3450896739959717,0.0,0,0,False,0.0,0.0,0.0,0.0,135.0,240.0,,2,0.0,0.0,0.0,0.0,0.0,0.0,0.001,0.0,135.0,240.0,False,"{""sat"": ""[0.49000001 0.49000001 0.49000001 0.50999999 0.50999999 0.51999998\n 0.51999998 0.46000001]"", ""dul"": ""[0.38999999 0.38999999 0.38999999 0.38       0.38       0.38\n 0.38       0.36000001]"", ""ll"": ""[0.11 0.11 0.11 0.11 0.11 0.11 0.11 0.11]"", ""dlayr"": ""[ 5. 10.  5. 10. 10. 10. 10. 30.]""}"
HLA,2016,0,50000,MaskablePPO,2016-06-28,180,56,0.0,25.956,30.8,18.0,0.0,0.0,1131.655044555664,0.0,1.4533218145370483,0.0,0,0,False,0.0,0.0,0.0,0.0,135.0,240.0,,2,0.0,0.0,0.0,0.0,0.0,0.0,0.001,0.0,135.0,240.0,False,"{""sat"": ""[0.49000001 0.49000001 0.49000001 0.50999999 0.50999999 0.51999998\n 0.51999998 0.46000001]"", ""dul"": ""[0.38999999 0.38999999 0.38999999 0.38       0.38       0.38\n 0.38       0.36000001]"", ""ll"": ""[0.11 0.11 0.11 0.11 0.11 0.11 0.11 0.11]"", ""dlayr"": ""[ 5. 10.  5. 10. 10. 10. 10. 30.]""}"
HLA,2016,0,50000,MaskablePPO,2016-06-29,181,57,0.0,16.606,27.1,19.4,0.0,0.0,1188.7460327148438,0.0,1.501051664352417,0.0,0,0,False,0.0,0.0,0.0,0.0,135.0,240.0,,2,0.0,0.0,0.0,0.0,0.0,0.0,0.001,0.0,135.0,240.0,False,"{""sat"": ""[0.49000001 0.49000001 0.49000001 0.50999999 0.50999999 0.51999998\n 0.51999998 0.46000001]"", ""dul"": ""[0.38999999 0.38999999 0.38999999 0.38       0.38       0.38\n 0.38       0.36000001]"", ""ll"": ""[0.11 0.11 0.11 0.11 0.11 0.11 0.11 0.11]"", ""dlayr"": ""[ 5. 10.  5. 10. 10. 10. 10. 30.]""}"
HLA,2016,0,50000,MaskablePPO,2016-06-30,182,58,45.6,4.605,21.5,16.1,0.0,0.0,1280.4052734375,0.0,1.5745234489440918,0.0,0,0,False,0.0,0.0,0.0,0.0,135.0,240.0,,2,0.0,0.0,0.0,0.0,0.0,0.0,0.001,0.0,135.0,240.0,False,"{""sat"": ""[0.49000001 0.49000001 0.49000001 0.50999999 0.50999999 0.51999998\n 0.51999998 0.46000001]"", ""dul"": ""[0.38999999 0.38999999 0.38999999 0.38       0.38       0.38\n 0.38       0.36000001]"", ""ll"": ""[0.11 0.11 0.11 0.11 0.11 0.11 0.11 0.11]"", ""dlayr"": ""[ 5. 10.  5. 10. 10. 10. 10. 30.]""}"
HLA,2016,0,50000,MaskablePPO,2016-07-01,183,59,0.0,21.001,24.2,13.0,0.0,0.0,1389.1131591796875,0.0,1.6570026874542236,0.0,0,0,False,0.0,0.0,0.0,0.0,135.0,240.0,,2,0.0,0.0,0.0,0.0,0.0,0.0,0.001,0.0,135.0,240.0,False,"{""sat"": ""[0.49000001 0.49000001 0.49000001 0.50999999 0.50999999 0.51999998\n 0.51999998 0.46000001]"", ""dul"": ""[0.38999999 0.38999999 0.38999999 0.38       0.38       0.38\n 0.38       0.36000001]"", ""ll"": ""[0.11 0.11 0.11 0.11 0.11 0.11 0.11 0.11]"", ""dlayr"": ""[ 5. 10.  5. 10. 10. 10. 10. 30.]""}"
HLA,2016,0,50000,MaskablePPO,2016-07-02,184,60,0.0,27.19,27.1,16.0,0.0,0.0,1535.5546569824219,0.0,1.7611677646636963,0.0,0,0,False,0.0,0.0,0.0,0.0,135.0,240.0,,2,0.0,0.0,0.0,0.0,0.0,0.0,0.001,0.0,135.0,240.0,False,"{""sat"": ""[0.49000001 0.49000001 0.49000001 0.50999999 0.50999999 0.51999998\n 0.51999998 0.46000001]"", ""dul"": ""[0.38999999 0.38999999 0.38999999 0.38       0.38       0.38\n 0.38       0.36000001]"", ""ll"": ""[0.11 0.11 0.11 0.11 0.11 0.11 0.11 0.11]"", ""dlayr"": ""[ 5. 10.  5. 10. 10. 10. 10. 30.]""}"
HLA,2016,0,50000,MaskablePPO,2016-07-03,185,61,0.0,25.547,29.3,18.2,0.0,0.0,1701.1029052734375,0.0,1.871381402015686,0.0,0,0,False,0.0,0.0,0.0,0.0,135.0,240.0,,2,0.0,0.0,0.0,0.0,0.0,0.0,0.001,0.0,135.0,240.0,False,"{""sat"": ""[0.49000001 0.49000001 0.49000001 0.50999999 0.50999999 0.51999998\n 0.51999998 0.46000001]"", ""dul"": ""[0.38999999 0.38999999 0.38999999 0.38       0.38       0.38\n 0.38       0.36000001]"", ""ll"": ""[0.11 0.11 0.11 0.11 0.11 0.11 0.11 0.11]"", ""dlayr"": ""[ 5. 10.  5. 10. 10. 10. 10. 30.]""}"
HLA,2016,0,50000,MaskablePPO,2016-07-04,186,62,0.3,12.595,27.3,19.8,0.0,0.0,1901.910400390625,0.0,1.995609164237976,0.0,0,0,False,0.0,0.0,0.0,0.0,135.0,240.0,,2,0.0,0.0,0.0,0.0,0.0,0.0,0.001,0.0,135.0,240.0,False,"{""sat"": ""[0.49000001 0.49000001 0.49000001 0.50999999 0.50999999 0.51999998\n 0.51999998 0.46000001]"", ""dul"": ""[0.38999999 0.38999999 0.38999999 0.38       0.38       0.38\n 0.38       0.36000001]"", ""ll"": ""[0.11 0.11 0.11 0.11 0.11 0.11 0.11 0.11]"", ""dlayr"": ""[ 5. 10.  5. 10. 10. 10. 10. 30.]""}"
HLA,2016,0,50000,MaskablePPO,2016-07-05,187,63,2.6,27.231,30.6,20.2,0.0,0.0,2106.9046020507812,0.0,2.1138322353363037,0.0,0,0,False,0.0,0.0,0.0,0.0,135.0,240.0,,2,0.0,0.0,0.0,0.0,0.0,0.0,0.001,0.0,135.0,240.0,False,"{""sat"": ""[0.49000001 0.49000001 0.49000001 0.50999999 0.50999999 0.51999998\n 0.51999998 0.46000001]"", ""dul"": ""[0.38999999 0.38999999 0.38999999 0.38       0.38       0.38\n 0.38       0.36000001]"", ""ll"": ""[0.11 0.11 0.11 0.11 0.11 0.11 0.11 0.11]"", ""dlayr"": ""[ 5. 10.  5. 10. 10. 10. 10. 30.]""}"
HLA,2016,0,50000,MaskablePPO,2016-07-06,188,64,0.0,26.433,29.6,19.1,0.0,0.0,2344.489288330078,0.0,2.241171360015869,0.0,0,0,False,0.0,0.0,0.0,0.0,135.0,240.0,,2,0.0,0.0,0.0,0.0,0.0,0.0,0.001,0.0,135.0,240.0,False,"{""sat"": ""[0.49000001 0.49000001 0.49000001 0.50999999 0.50999999 0.51999998\n 0.51999998 0.46000001]"", ""dul"": ""[0.38999999 0.38999999 0.38999999 0.38       0.38       0.38\n 0.38       0.36000001]"", ""ll"": ""[0.11 0.11 0.11 0.11 0.11 0.11 0.11 0.11]"", ""dlayr"": ""[ 5. 10.  5. 10. 10. 10. 10. 30.]""}"
HLA,2016,0,50000,MaskablePPO,2016-07-07,189,65,0.0,16.694,30.1,20.8,0.0,0.0,2552.073516845703,0.0,2.3786120414733887,0.0,0,0,False,0.0,0.0,0.0,0.0,135.0,240.0,,2,0.0,0.0,0.0,0.0,0.0,0.0,0.001,0.0,135.0,240.0,False,"{""sat"": ""[0.49000001 0.49000001 0.49000001 0.50999999 0.50999999 0.51999998\n 0.51999998 0.46000001]"", ""dul"": ""[0.38999999 0.38999999 0.38999999 0.38       0.38       0.38\n 0.38       0.36000001]"", ""ll"": ""[0.11 0.11 0.11 0.11 0.11 0.11 0.11 0.11]"", ""dlayr"": ""[ 5. 10.  5. 10. 10. 10. 10. 30.]""}"
HLA,2016,0,50000,MaskablePPO,2016-07-08,190,66,0.2,13.493,27.8,21.8,0.0,0.0,2883.82080078125,0.0,2.537114381790161,0.0,0,0,False,0.0,0.0,0.0,0.0,135.0,240.0,,2,0.0,0.0,0.0,0.0,0.0,0.0,0.001,0.0,135.0,240.0,False,"{""sat"": ""[0.49000001 0.49000001 0.49000001 0.50999999 0.50999999 0.51999998\n 0.51999998 0.46000001]"", ""dul"": ""[0.38999999 0.38999999 0.38999999 0.38       0.38       0.38\n 0.38       0.36000001]"", ""ll"": ""[0.11 0.11 0.11 0.11 0.11 0.11 0.11 0.11]"", ""dlayr"": ""[ 5. 10.  5. 10. 10. 10. 10. 30.]""}"
HLA,2016,0,50000,MaskablePPO,2016-07-09,191,67,2.6,27.866,27.9,18.7,0.0,0.0,3157.3419189453125,0.0,2.64910626411438,0.0,0,0,False,0.0,0.0,0.0,0.0,135.0,240.0,,2,0.0,0.0,0.0,0.0,0.0,0.0,0.001,0.0,135.0,240.0,False,"{""sat"": ""[0.49000001 0.49000001 0.49000001 0.50999999 0.50999999 0.51999998\n 0.51999998 0.46000001]"", ""dul"": ""[0.38999999 0.38999999 0.38999999 0.38       0.38       0.38\n 0.38       0.36000001]"", ""ll"": ""[0.11 0.11 0.11 0.11 0.11 0.11 0.11 0.11]"", ""dlayr"": ""[ 5. 10.  5. 10. 10. 10. 10. 30.]""}"
HLA,2016,0,50000,MaskablePPO,2016-07-10,192,68,0.0,26.094,28.4,15.7,0.0,0.0,3460.0885009765625,0.0,2.757296323776245,0.0,0,0,False,0.0,0.0,0.0,0.0,135.0,240.0,,2,0.0,0.0,0.0,0.0,0.0,0.0,0.001,0.0,135.0,240.0,False,"{""sat"": ""[0.49000001 0.49000001 0.49000001 0.50999999 0.50999999 0.51999998\n 0.51999998 0.46000001]"", ""dul"": ""[0.38999999 0.38999999 0.38999999 0.38       0.38       0.38\n 0.38       0.36000001]"", ""ll"": ""[0.11 0.11 0.11 0.11 0.11 0.11 0.11 0.11]"", ""dlayr"": ""[ 5. 10.  5. 10. 10. 10. 10. 30.]""}"
HLA,2016,0,50000,MaskablePPO,2016-07-11,193,69,0.0,18.468,31.0,21.4,0.0,0.0,3539.329833984375,0.0,2.7831943035125732,0.0,0,0,False,0.0,0.0,0.0,0.0,135.0,240.0,,2,0.0,0.0,0.0,0.0,0.0,0.0,0.001,0.0,135.0,240.0,False,"{""sat"": ""[0.49000001 0.49000001 0.49000001 0.50999999 0.50999999 0.51999998\n 0.51999998 0.46000001]"", ""dul"": ""[0.38999999 0.38999999 0.38999999 0.38       0.38       0.38\n 0.38       0.36000001]"", ""ll"": ""[0.11 0.11 0.11 0.11 0.11 0.11 0.11 0.11]"", ""dlayr"": ""[ 5. 10.  5. 10. 10. 10. 10. 30.]""}"
HLA,2016,0,50000,MaskablePPO,2016-07-12,194,70,10.5,4.76,27.9,17.3,0.0,0.0,3760.1678466796875,0.0,2.8514416217803955,0.0,0,0,False,0.0,0.0,0.0,0.0,135.0,240.0,,2,0.0,0.0,0.0,0.0,0.0,0.0,0.001,0.0,135.0,240.0,False,"{""sat"": ""[0.49000001 0.49000001 0.49000001 0.50999999 0.50999999 0.51999998\n 0.51999998 0.46000001]"", ""dul"": ""[0.38999999 0.38999999 0.38999999 0.38       0.38       0.38\n 0.38       0.36000001]"", ""ll"": ""[0.11 0.11 0.11 0.11 0.11 0.11 0.11 0.11]"", ""dlayr"": ""[ 5. 10.  5. 10. 10. 10. 10. 30.]""}"
HLA,2016,0,50000,MaskablePPO,2016-07-13,195,71,0.0,19.121,25.6,16.6,0.0,0.0,3920.1937866210938,0.0,2.8988356590270996,0.0,0,0,False,0.0,0.0,0.0,0.0,135.0,240.0,,2,0.0,0.0,0.0,0.0,0.0,0.0,0.001,0.0,135.0,240.0,False,"{""sat"": ""[0.49000001 0.49000001 0.49000001 0.50999999 0.50999999 0.51999998\n 0.51999998 0.46000001]"", ""dul"": ""[0.38999999 0.38999999 0.38999999 0.38       0.38       0.38\n 0.38       0.36000001]"", ""ll"": ""[0.11 0.11 0.11 0.11 0.11 0.11 0.11 0.11]"", ""dlayr"": ""[ 5. 10.  5. 10. 10. 10. 10. 30.]""}"
HLA,2016,0,50000,MaskablePPO,2016-07-14,196,72,0.0,29.363,25.5,9.8,0.0,0.0,4109.4488525390625,0.0,2.952493667602539,0.0,0,0,False,0.0,0.0,0.0,0.0,135.0,240.0,,2,0.0,0.0,0.0,0.0,0.0,0.0,0.001,0.0,135.0,240.0,False,"{""sat"": ""[0.49000001 0.49000001 0.49000001 0.50999999 0.50999999 0.51999998\n 0.51999998 0.46000001]"", ""dul"": ""[0.38999999 0.38999999 0.38999999 0.38       0.38       0.38\n 0.38       0.36000001]"", ""ll"": ""[0.11 0.11 0.11 0.11 0.11 0.11 0.11 0.11]"", ""dlayr"": ""[ 5. 10.  5. 10. 10. 10. 10. 30.]""}"
HLA,2016,0,50000,MaskablePPO,2016-07-15,197,73,0.0,25.648,27.4,11.8,0.0,0.0,4320.636291503906,0.0,3.00974440574646,0.0,0,0,False,0.0,0.0,0.0,0.0,135.0,240.0,,2,0.0,0.0,0.0,0.0,0.0,0.0,0.001,0.0,135.0,240.0,False,"{""sat"": ""[0.49000001 0.49000001 0.49000001 0.50999999 0.50999999 0.51999998\n 0.51999998 0.46000001]"", ""dul"": ""[0.38999999 0.38999999 0.38999999 0.38       0.38       0.38\n 0.38       0.36000001]"", ""ll"": ""[0.11 0.11 0.11 0.11 0.11 0.11 0.11 0.11]"", ""dlayr"": ""[ 5. 10.  5. 10. 10. 10. 10. 30.]""}"
HLA,2016,0,50000,MaskablePPO,2016-07-16,198,74,0.0,16.772,25.4,16.9,0.0,0.0,4525.056457519531,0.0,3.062960147857666,0.0,0,0,False,0.0,0.0,0.0,0.0,135.0,240.0,,2,0.0,0.0,0.0,0.0,0.0,0.0,0.001,0.0,135.0,240.0,False,"{""sat"": ""[0.49000001 0.49000001 0.49000001 0.50999999 0.50999999 0.51999998\n 0.51999998 0.46000001]"", ""dul"": ""[0.38999999 0.38999999 0.38999999 0.38       0.38       0.38\n 0.38       0.36000001]"", ""ll"": ""[0.11 0.11 0.11 0.11 0.11 0.11 0.11 0.11]"", ""dlayr"": ""[ 5. 10.  5. 10. 10. 10. 10. 30.]""}"
HLA,2016,0,50000,MaskablePPO,2016-07-17,199,75,0.0,22.342,24.9,16.9,0.0,0.0,4715.466003417969,0.0,3.1108086109161377,0.0,0,0,False,0.0,0.0,0.0,0.0,135.0,240.0,,2,0.0,0.0,0.0,0.0,0.0,0.0,0.001,0.0,135.0,240.0,False,"{""sat"": ""[0.49000001 0.49000001 0.49000001 0.50999999 0.50999999 0.51999998\n 0.51999998 0.46000001]"", ""dul"": ""[0.38999999 0.38999999 0.38999999 0.38       0.38       0.38\n 0.38       0.36000001]"", ""ll"": ""[0.11 0.11 0.11 0.11 0.11 0.11 0.11 0.11]"", ""dlayr"": ""[ 5. 10.  5. 10. 10. 10. 10. 30.]""}"
HLA,2016,0,50000,MaskablePPO,2016-07-18,200,76,0.0,24.371,26.7,13.6,0.0,0.0,4976.159362792969,0.0,3.173604965209961,0.0,0,0,False,0.0,0.0,0.0,0.0,135.0,240.0,,2,0.0,0.0,0.0,0.0,0.0,0.0,0.001,0.0,135.0,240.0,False,"{""sat"": ""[0.49000001 0.49000001 0.49000001 0.50999999 0.50999999 0.51999998\n 0.51999998 0.46000001]"", ""dul"": ""[0.38999999 0.38999999 0.38999999 0.38       0.38       0.38\n 0.38       0.36000001]"", ""ll"": ""[0.11 0.11 0.11 0.11 0.11 0.11 0.11 0.11]"", ""dlayr"": ""[ 5. 10.  5. 10. 10. 10. 10. 30.]""}"
HLA,2016,0,50000,MaskablePPO,2016-07-19,201,77,0.0,25.616,31.3,18.4,0.0,0.0,5229.90966796875,0.0,3.2346441745758057,0.0,0,0,False,0.0,0.0,0.0,0.0,135.0,240.0,,2,0.0,0.0,0.0,0.0,0.0,0.0,0.001,0.0,135.0,240.0,False,"{""sat"": ""[0.49000001 0.49000001 0.49000001 0.50999999 0.50999999 0.51999998\n 0.51999998 0.46000001]"", ""dul"": ""[0.38999999 0.38999999 0.38999999 0.38       0.38       0.38\n 0.38       0.36000001]"", ""ll"": ""[0.11 0.11 0.11 0.11 0.11 0.11 0.11 0.11]"", ""dlayr"": ""[ 5. 10.  5. 10. 10. 10. 10. 30.]""}"
HLA,2016,0,50000,MaskablePPO,2016-07-20,202,78,0.0,14.675,28.0,20.9,0.0,0.0,5498.990478515625,0.0,3.2993056774139404,0.0,0,0,False,0.0,0.0,0.0,0.0,135.0,240.0,,2,0.0,0.0,0.0,0.0,0.0,0.0,0.001,0.0,135.0,240.0,False,"{""sat"": ""[0.49000001 0.49000001 0.49000001 0.50999999 0.50999999 0.51999998\n 0.51999998 0.46000001]"", ""dul"": ""[0.38999999 0.38999999 0.38999999 0.38       0.38       0.38\n 0.38       0.36000001]"", ""ll"": ""[0.11 0.11 0.11 0.11 0.11 0.11 0.11 0.11]"", ""dlayr"": ""[ 5. 10.  5. 10. 10. 10. 10. 30.]""}"
HLA,2016,0,50000,MaskablePPO,2016-07-21,203,79,0.0,19.873,29.9,20.8,0.0,0.0,5774.620361328125,0.0,3.365461587905884,0.0,0,0,False,0.0,0.0,0.0,0.0,135.0,240.0,,2,0.0,0.0,0.0,0.0,0.0,0.0,0.001,0.0,135.0,240.0,False,"{""sat"": ""[0.49000001 0.49000001 0.49000001 0.50999999 0.50999999 0.51999998\n 0.51999998 0.46000001]"", ""dul"": ""[0.38999999 0.38999999 0.38999999 0.38       0.38       0.38\n 0.38       0.36000001]"", ""ll"": ""[0.11 0.11 0.11 0.11 0.11 0.11 0.11 0.11]"", ""dlayr"": ""[ 5. 10.  5. 10. 10. 10. 10. 30.]""}"
HLA,2016,0,50000,MaskablePPO,2016-07-22,204,80,0.0,20.104,30.6,20.9,0.0,0.0,5874.1143798828125,0.0,3.3890931606292725,0.0,0,0,False,0.0,0.0,0.0,0.0,135.0,240.0,,2,0.0,0.0,0.0,0.0,0.0,0.0,0.001,0.0,135.0,240.0,False,"{""sat"": ""[0.49000001 0.49000001 0.49000001 0.50999999 0.50999999 0.51999998\n 0.51999998 0.46000001]"", ""dul"": ""[0.38999999 0.38999999 0.38999999 0.38       0.38       0.38\n 0.38       0.36000001]"", ""ll"": ""[0.11 0.11 0.11 0.11 0.11 0.11 0.11 0.11]"", ""dlayr"": ""[ 5. 10.  5. 10. 10. 10. 10. 30.]""}"
HLA,2016,0,50000,MaskablePPO,2016-07-23,205,81,0.5,5.715,23.7,21.2,0.0,0.0,6110.9197998046875,0.0,3.445794105529785,0.0,0,0,False,0.0,0.0,0.0,0.0,135.0,240.0,,2,0.0,0.0,0.0,0.0,0.0,0.0,0.001,0.0,135.0,240.0,False,"{""sat"": ""[0.49000001 0.49000001 0.49000001 0.50999999 0.50999999 0.51999998\n 0.51999998 0.46000001]"", ""dul"": ""[0.38999999 0.38999999 0.38999999 0.38       0.38       0.38\n 0.38       0.36000001]"", ""ll"": ""[0.11 0.11 0.11 0.11 0.11 0.11 0.11 0.11]"", ""dlayr"": ""[ 5. 10.  5. 10. 10. 10. 10. 30.]""}"
HLA,2016,0,50000,MaskablePPO,2016-07-24,206,82,0.0,13.523,27.6,19.9,0.0,0.0,6417.847900390625,0.0,3.276003122329712,0.0,0,0,False,0.0,0.0,0.0,0.0,135.0,240.0,,2,0.0,0.0,0.0,0.0,0.0,0.0,0.001,0.0,135.0,240.0,False,"{""sat"": ""[0.49000001 0.49000001 0.49000001 0.50999999 0.50999999 0.51999998\n 0.51999998 0.46000001]"", ""dul"": ""[0.38999999 0.38999999 0.38999999 0.38       0.38       0.38\n 0.38       0.36000001]"", ""ll"": ""[0.11 0.11 0.11 0.11 0.11 0.11 0.11 0.11]"", ""dlayr"": ""[ 5. 10.  5. 10. 10. 10. 10. 30.]""}"
HLA,2016,0,50000,MaskablePPO,2016-07-25,207,83,0.0,18.723,27.1,13.7,0.0,0.0,6845.4150390625,0.0,3.2647182941436768,0.0,0,0,False,0.0,0.0,0.0,0.0,135.0,240.0,,2,0.0,0.0,0.0,0.0,0.0,0.0,0.001,0.0,135.0,240.0,False,"{""sat"": ""[0.49000001 0.49000001 0.49000001 0.50999999 0.50999999 0.51999998\n 0.51999998 0.46000001]"", ""dul"": ""[0.38999999 0.38999999 0.38999999 0.38       0.38       0.38\n 0.38       0.36000001]"", ""ll"": ""[0.11 0.11 0.11 0.11 0.11 0.11 0.11 0.11]"", ""dlayr"": ""[ 5. 10.  5. 10. 10. 10. 10. 30.]""}"
HLA,2016,0,50000,MaskablePPO,2016-07-26,208,84,0.0,25.767,27.9,14.2,0.0,0.0,7072.7105712890625,0.0,3.251746892929077,0.0,0,0,False,0.0,0.0,0.0,0.0,135.0,240.0,,2,0.0,0.0,0.0,0.0,0.0,0.0,0.001,0.0,135.0,240.0,False,"{""sat"": ""[0.49000001 0.49000001 0.49000001 0.50999999 0.50999999 0.51999998\n 0.51999998 0.46000001]"", ""dul"": ""[0.38999999 0.38999999 0.38999999 0.38       0.38       0.38\n 0.38       0.36000001]"", ""ll"": ""[0.11 0.11 0.11 0.11 0.11 0.11 0.11 0.11]"", ""dlayr"": ""[ 5. 10.  5. 10. 10. 10. 10. 30.]""}"
HLA,2016,0,50000,MaskablePPO,2016-07-27,209,85,6.6,14.727,27.2,18.8,0.0,0.0,7493.541259765625,0.0,3.2401161193847656,0.0,0,0,False,0.0,0.0,0.0,0.0,135.0,240.0,,2,0.0,0.0,0.0,0.0,0.0,0.0,0.001,0.0,135.0,240.0,False,"{""sat"": ""[0.49000001 0.49000001 0.49000001 0.50999999 0.50999999 0.51999998\n 0.51999998 0.46000001]"", ""dul"": ""[0.38999999 0.38999999 0.38999999 0.38       0.38       0.38\n 0.38       0.36000001]"", ""ll"": ""[0.11 0.11 0.11 0.11 0.11 0.11 0.11 0.11]"", ""dlayr"": ""[ 5. 10.  5. 10. 10. 10. 10. 30.]""}"
HLA,2016,0,50000,MaskablePPO,2016-07-28,210,86,0.0,25.696,28.4,14.5,0.0,0.0,7858.28125,0.0,3.2260642051696777,0.0,0,0,False,0.0,0.0,0.0,0.0,135.0,240.0,,2,0.0,0.0,0.0,0.0,0.0,0.0,0.001,0.0,135.0,240.0,False,"{""sat"": ""[0.49000001 0.49000001 0.49000001 0.50999999 0.50999999 0.51999998\n 0.51999998 0.46000001]"", ""dul"": ""[0.38999999 0.38999999 0.38999999 0.38       0.38       0.38\n 0.38       0.36000001]"", ""ll"": ""[0.11 0.11 0.11 0.11 0.11 0.11 0.11 0.11]"", ""dlayr"": ""[ 5. 10.  5. 10. 10. 10. 10. 30.]""}"
HLA,2016,0,50000,MaskablePPO,2016-07-29,211,87,0.0,22.726,29.4,19.1,0.0,0.0,8207.831420898438,0.0,3.2121851444244385,0.0,0,0,False,0.0,0.0,0.0,0.0,135.0,240.0,,2,0.0,0.0,0.0,0.0,0.0,0.0,0.001,0.0,135.0,240.0,False,"{""sat"": ""[0.49000001 0.49000001 0.49000001 0.50999999 0.50999999 0.51999998\n 0.51999998 0.46000001]"", ""dul"": ""[0.38999999 0.38999999 0.38999999 0.38       0.38       0.38\n 0.38       0.36000001]"", ""ll"": ""[0.11 0.11 0.11 0.11 0.11 0.11 0.11 0.11]"", ""dlayr"": ""[ 5. 10.  5. 10. 10. 10. 10. 30.]""}"
HLA,2016,0,50000,MaskablePPO,2016-07-30,212,88,14.6,21.978,29.1,19.0,0.0,0.0,8552.841796875,0.0,3.1981759071350098,0.0,0,0,False,0.0,0.0,0.0,0.0,135.0,240.0,,2,0.0,0.0,0.0,0.0,0.0,0.0,0.001,0.0,135.0,240.0,False,"{""sat"": ""[0.49000001 0.49000001 0.49000001 0.50999999 0.50999999 0.51999998\n 0.51999998 0.46000001]"", ""dul"": ""[0.38999999 0.38999999 0.38999999 0.38       0.38       0.38\n 0.38       0.36000001]"", ""ll"": ""[0.11 0.11 0.11 0.11 0.11 0.11 0.11 0.11]"", ""dlayr"": ""[ 5. 10.  5. 10. 10. 10. 10. 30.]""}"
HLA,2016,0,50000,MaskablePPO,2016-07-31,213,89,0.0,21.902,30.5,17.9,0.0,0.0,8937.460327148438,0.0,3.183302402496338,0.0,0,0,False,0.0,0.0,0.0,0.0,135.0,240.0,,2,0.0,0.0,0.0,0.0,0.0,0.0,0.001,0.0,135.0,240.0,False,"{""sat"": ""[0.49000001 0.49000001 0.49000001 0.50999999 0.50999999 0.51999998\n 0.51999998 0.46000001]"", ""dul"": ""[0.38999999 0.38999999 0.38999999 0.38       0.38       0.38\n 0.38       0.36000001]"", ""ll"": ""[0.11 0.11 0.11 0.11 0.11 0.11 0.11 0.11]"", ""dlayr"": ""[ 5. 10.  5. 10. 10. 10. 10. 30.]""}"
HLA,2016,0,50000,MaskablePPO,2016-08-01,214,90,0.0,24.288,31.0,19.4,0.0,0.0,9262.354736328125,0.0,3.1678667068481445,0.0,0,0,False,0.0,0.0,0.0,0.0,135.0,240.0,,2,0.0,0.0,0.0,0.0,0.0,0.0,0.001,0.0,135.0,240.0,False,"{""sat"": ""[0.49000001 0.49000001 0.49000001 0.50999999 0.50999999 0.51999998\n 0.51999998 0.46000001]"", ""dul"": ""[0.38999999 0.38999999 0.38999999 0.38       0.38       0.38\n 0.38       0.36000001]"", ""ll"": ""[0.11 0.11 0.11 0.11 0.11 0.11 0.11 0.11]"", ""dlayr"": ""[ 5. 10.  5. 10. 10. 10. 10. 30.]""}"
HLA,2016,0,50000,MaskablePPO,2016-08-02,215,91,0.0,21.148,31.6,20.1,0.0,0.0,9611.001586914062,0.0,3.154160499572754,0.0,0,0,False,0.0,0.0,0.0,0.0,135.0,240.0,,2,0.0,0.0,0.0,0.0,0.0,0.0,0.001,0.0,135.0,240.0,False,"{""sat"": ""[0.49000001 0.49000001 0.49000001 0.50999999 0.50999999 0.51999998\n 0.51999998 0.46000001]"", ""dul"": ""[0.38999999 0.38999999 0.38999999 0.38       0.38       0.38\n 0.38       0.36000001]"", ""ll"": ""[0.11 0.11 0.11 0.11 0.11 0.11 0.11 0.11]"", ""dlayr"": ""[ 5. 10.  5. 10. 10. 10. 10. 30.]""}"
HLA,2016,0,50000,MaskablePPO,2016-08-03,216,92,0.0,22.599,30.6,17.1,0.0,0.0,9886.05224609375,0.0,3.1390273571014404,0.0,0,0,False,0.0,0.0,0.0,0.0,135.0,240.0,,2,0.0,0.0,0.0,0.0,0.0,0.0,0.001,0.0,135.0,240.0,False,"{""sat"": ""[0.49000001 0.49000001 0.49000001 0.50999999 0.50999999 0.51999998\n 0.51999998 0.46000001]"", ""dul"": ""[0.38999999 0.38999999 0.38999999 0.38       0.38       0.38\n 0.38       0.36000001]"", ""ll"": ""[0.11 0.11 0.11 0.11 0.11 0.11 0.11 0.11]"", ""dlayr"": ""[ 5. 10.  5. 10. 10. 10. 10. 30.]""}"
HLA,2016,0,50000,MaskablePPO,2016-08-04,217,93,0.0,18.607,28.8,22.2,0.0,0.0,10094.9462890625,208.89474868774414,3.0623316764831543,0.0,0,0,False,0.0,0.0,0.0,0.0,135.0,240.0,,2,0.0,0.0,0.0,0.0,0.0,0.0,0.001,0.0,135.0,240.0,False,"{""sat"": ""[0.49000001 0.49000001 0.49000001 0.50999999 0.50999999 0.51999998\n 0.51999998 0.46000001]"", ""dul"": ""[0.38999999 0.38999999 0.38999999 0.38       0.38       0.38\n 0.38       0.36000001]"", ""ll"": ""[0.11 0.11 0.11 0.11 0.11 0.11 0.11 0.11]"", ""dlayr"": ""[ 5. 10.  5. 10. 10. 10. 10. 30.]""}"
HLA,2016,0,50000,MaskablePPO,2016-08-05,218,94,2.4,10.909,23.2,15.8,0.0,0.0,10150.15380859375,417.7894973754883,3.053938388824463,0.0,0,0,False,0.0,0.0,0.0,0.0,135.0,240.0,,2,0.0,0.0,0.0,0.0,0.0,0.0,0.001,0.0,135.0,240.0,False,"{""sat"": ""[0.49000001 0.49000001 0.49000001 0.50999999 0.50999999 0.51999998\n 0.51999998 0.46000001]"", ""dul"": ""[0.38999999 0.38999999 0.38999999 0.38       0.38       0.38\n 0.38       0.36000001]"", ""ll"": ""[0.11 0.11 0.11 0.11 0.11 0.11 0.11 0.11]"", ""dlayr"": ""[ 5. 10.  5. 10. 10. 10. 10. 30.]""}"
HLA,2016,0,50000,MaskablePPO,2016-08-06,219,95,56.5,2.915,19.7,15.3,0.0,0.0,10424.854736328125,626.6842651367188,3.045482635498047,0.0,0,0,False,0.0,0.0,0.0,0.0,135.0,240.0,,2,0.0,0.0,0.0,0.0,0.0,0.0,0.001,0.0,135.0,240.0,False,"{""sat"": ""[0.49000001 0.49000001 0.49000001 0.50999999 0.50999999 0.51999998\n 0.51999998 0.46000001]"", ""dul"": ""[0.38999999 0.38999999 0.38999999 0.38       0.38       0.38\n 0.38       0.36000001]"", ""ll"": ""[0.11 0.11 0.11 0.11 0.11 0.11 0.11 0.11]"", ""dlayr"": ""[ 5. 10.  5. 10. 10. 10. 10. 30.]""}"
HLA,2016,0,50000,MaskablePPO,2016-08-07,220,96,0.0,17.85,21.8,11.6,0.0,0.0,10721.630859375,835.5789947509766,3.033061981201172,0.0,0,0,False,0.0,0.0,0.0,0.0,135.0,240.0,,2,0.0,0.0,0.0,0.0,0.0,0.0,0.001,0.0,135.0,240.0,False,"{""sat"": ""[0.49000001 0.49000001 0.49000001 0.50999999 0.50999999 0.51999998\n 0.51999998 0.46000001]"", ""dul"": ""[0.38999999 0.38999999 0.38999999 0.38       0.38       0.38\n 0.38       0.36000001]"", ""ll"": ""[0.11 0.11 0.11 0.11 0.11 0.11 0.11 0.11]"", ""dlayr"": ""[ 5. 10.  5. 10. 10. 10. 10. 30.]""}"
HLA,2016,0,50000,MaskablePPO,2016-08-08,221,97,0.0,25.482,27.4,11.7,0.0,0.0,10930.52490234375,1044.4737243652344,3.0175530910491943,0.0,0,0,False,0.0,0.0,0.0,0.0,135.0,240.0,,2,0.0,0.0,0.0,0.0,0.0,0.0,0.001,0.0,135.0,240.0,False,"{""sat"": ""[0.49000001 0.49000001 0.49000001 0.50999999 0.50999999 0.51999998\n 0.51999998 0.46000001]"", ""dul"": ""[0.38999999 0.38999999 0.38999999 0.38       0.38       0.38\n 0.38       0.36000001]"", ""ll"": ""[0.11 0.11 0.11 0.11 0.11 0.11 0.11 0.11]"", ""dlayr"": ""[ 5. 10.  5. 10. 10. 10. 10. 30.]""}"
HLA,2016,0,50000,MaskablePPO,2016-08-09,222,98,0.0,16.913,25.4,16.3,0.0,0.0,11139.4189453125,1253.3684539794922,2.9976394176483154,0.0,0,0,False,0.0,0.0,0.0,0.0,135.0,240.0,,2,0.0,0.0,0.0,0.0,0.0,0.0,0.001,0.0,135.0,240.0,False,"{""sat"": ""[0.49000001 0.49000001 0.49000001 0.50999999 0.50999999 0.51999998\n 0.51999998 0.46000001]"", ""dul"": ""[0.38999999 0.38999999 0.38999999 0.38       0.38       0.38\n 0.38       0.36000001]"", ""ll"": ""[0.11 0.11 0.11 0.11 0.11 0.11 0.11 0.11]"", ""dlayr"": ""[ 5. 10.  5. 10. 10. 10. 10. 30.]""}"
HLA,2016,0,50000,MaskablePPO,2016-08-10,223,99,0.0,13.642,25.8,19.4,0.0,0.0,11285.130615234375,1462.26318359375,2.9707589149475098,0.0,0,0,False,0.0,0.0,0.0,0.0,135.0,240.0,,2,0.0,0.0,0.0,0.0,0.0,0.0,0.001,0.0,135.0,240.0,False,"{""sat"": ""[0.49000001 0.49000001 0.49000001 0.50999999 0.50999999 0.51999998\n 0.51999998 0.46000001]"", ""dul"": ""[0.38999999 0.38999999 0.38999999 0.38       0.38       0.38\n 0.38       0.36000001]"", ""ll"": ""[0.11 0.11 0.11 0.11 0.11 0.11 0.11 0.11]"", ""dlayr"": ""[ 5. 10.  5. 10. 10. 10. 10. 30.]""}"
HLA,2016,0,50000,MaskablePPO,2016-08-11,224,100,0.0,7.699,28.9,21.6,0.0,0.0,11519.166259765625,1652.879638671875,2.9353010654449463,0.0,0,0,False,0.0,0.0,0.0,0.0,135.0,240.0,,2,0.0,0.0,0.0,0.0,0.0,0.0,0.001,0.0,135.0,240.0,False,"{""sat"": ""[0.49000001 0.49000001 0.49000001 0.50999999 0.50999999 0.51999998\n 0.51999998 0.46000001]"", ""dul"": ""[0.38999999 0.38999999 0.38999999 0.38       0.38       0.38\n 0.38       0.36000001]"", ""ll"": ""[0.11 0.11 0.11 0.11 0.11 0.11 0.11 0.11]"", ""dlayr"": ""[ 5. 10.  5. 10. 10. 10. 10. 30.]""}"
HLA,2016,0,50000,MaskablePPO,2016-08-12,225,101,0.0,14.672,31.0,24.4,0.0,0.0,11747.825927734375,1861.7744445800781,2.9019694328308105,0.0,0,0,False,0.0,0.0,0.0,0.0,135.0,240.0,,2,0.0,0.0,0.0,0.0,0.0,0.0,0.001,0.0,135.0,240.0,False,"{""sat"": ""[0.49000001 0.49000001 0.49000001 0.50999999 0.50999999 0.51999998\n 0.51999998 0.46000001]"", ""dul"": ""[0.38999999 0.38999999 0.38999999 0.38       0.38       0.38\n 0.38       0.36000001]"", ""ll"": ""[0.11 0.11 0.11 0.11 0.11 0.11 0.11 0.11]"", ""dlayr"": ""[ 5. 10.  5. 10. 10. 10. 10. 30.]""}"
HLA,2016,0,50000,MaskablePPO,2016-08-13,226,102,0.0,24.442,30.1,18.4,0.0,0.0,11956.72119140625,2070.6692504882812,2.8736698627471924,0.0,0,0,False,0.0,0.0,0.0,0.0,135.0,240.0,,2,0.0,0.0,0.0,0.0,0.0,0.0,0.001,0.0,135.0,240.0,False,"{""sat"": ""[0.49000001 0.49000001 0.49000001 0.50999999 0.50999999 0.51999998\n 0.51999998 0.46000001]"", ""dul"": ""[0.38999999 0.38999999 0.38999999 0.38       0.38       0.38\n 0.38       0.36000001]"", ""ll"": ""[0.11 0.11 0.11 0.11 0.11 0.11 0.11 0.11]"", ""dlayr"": ""[ 5. 10.  5. 10. 10. 10. 10. 30.]""}"
HLA,2016,0,50000,MaskablePPO,2016-08-14,227,103,0.0,21.672,26.2,14.8,0.0,0.0,12165.615234375,2279.5639038085938,2.848156452178955,0.0,0,0,False,0.0,0.0,0.0,0.0,135.0,240.0,,2,0.0,0.0,0.0,0.0,0.0,0.0,0.001,0.0,135.0,240.0,False,"{""sat"": ""[0.49000001 0.49000001 0.49000001 0.50999999 0.50999999 0.51999998\n 0.51999998 0.46000001]"", ""dul"": ""[0.38999999 0.38999999 0.38999999 0.38       0.38       0.38\n 0.38       0.36000001]"", ""ll"": ""[0.11 0.11 0.11 0.11 0.11 0.11 0.11 0.11]"", ""dlayr"": ""[ 5. 10.  5. 10. 10. 10. 10. 30.]""}"
HLA,2016,0,50000,MaskablePPO,2016-08-15,228,104,0.0,17.892,24.0,12.9,0.0,0.0,12374.51171875,2488.4585571289062,2.821295738220215,0.0,0,0,False,0.0,0.0,0.0,0.0,135.0,240.0,,2,0.0,0.0,0.0,0.0,0.0,0.0,0.001,0.0,135.0,240.0,False,"{""sat"": ""[0.49000001 0.49000001 0.49000001 0.50999999 0.50999999 0.51999998\n 0.51999998 0.46000001]"", ""dul"": ""[0.38999999 0.38999999 0.38999999 0.38       0.38       0.38\n 0.38       0.36000001]"", ""ll"": ""[0.11 0.11 0.11 0.11 0.11 0.11 0.11 0.11]"", ""dlayr"": ""[ 5. 10.  5. 10. 10. 10. 10. 30.]""}"
HLA,2016,0,50000,MaskablePPO,2016-08-16,229,105,11.0,17.235,24.7,11.9,0.0,0.0,12583.40576171875,2697.353515625,2.7860426902770996,0.0,0,0,False,0.0,0.0,0.0,0.0,135.0,240.0,,2,0.0,0.0,0.0,0.0,0.0,0.0,0.001,0.0,135.0,240.0,False,"{""sat"": ""[0.49000001 0.49000001 0.49000001 0.50999999 0.50999999 0.51999998\n 0.51999998 0.46000001]"", ""dul"": ""[0.38999999 0.38999999 0.38999999 0.38       0.38       0.38\n 0.38       0.36000001]"", ""ll"": ""[0.11 0.11 0.11 0.11 0.11 0.11 0.11 0.11]"", ""dlayr"": ""[ 5. 10.  5. 10. 10. 10. 10. 30.]""}"
HLA,2016,0,50000,MaskablePPO,2016-08-17,230,106,0.0,23.395,26.7,14.5,0.0,0.0,12792.30224609375,2906.2481689453125,2.7474331855773926,0.0,0,0,False,0.0,0.0,0.0,0.0,135.0,240.0,,2,0.0,0.0,0.0,0.0,0.0,0.0,0.001,0.0,135.0,240.0,False,"{""sat"": ""[0.49000001 0.49000001 0.49000001 0.50999999 0.50999999 0.51999998\n 0.51999998 0.46000001]"", ""dul"": ""[0.38999999 0.38999999 0.38999999 0.38       0.38       0.38\n 0.38       0.36000001]"", ""ll"": ""[0.11 0.11 0.11 0.11 0.11 0.11 0.11 0.11]"", ""dlayr"": ""[ 5. 10.  5. 10. 10. 10. 10. 30.]""}"
HLA,2016,0,50000,MaskablePPO,2016-08-18,231,107,0.0,15.017,26.3,15.3,0.0,0.0,13001.1962890625,3115.142822265625,2.7117533683776855,0.0,0,0,False,0.0,0.0,0.0,0.0,135.0,240.0,,2,0.0,0.0,0.0,0.0,0.0,0.0,0.001,0.0,135.0,240.0,False,"{""sat"": ""[0.49000001 0.49000001 0.49000001 0.50999999 0.50999999 0.51999998\n 0.51999998 0.46000001]"", ""dul"": ""[0.38999999 0.38999999 0.38999999 0.38       0.38       0.38\n 0.38       0.36000001]"", ""ll"": ""[0.11 0.11 0.11 0.11 0.11 0.11 0.11 0.11]"", ""dlayr"": ""[ 5. 10.  5. 10. 10. 10. 10. 30.]""}"
HLA,2016,0,50000,MaskablePPO,2016-08-19,232,108,0.0,23.111,25.9,12.2,0.0,0.0,13210.0927734375,3324.0374755859375,2.669923782348633,0.0,0,0,False,0.0,0.0,0.0,0.0,135.0,240.0,,2,0.0,0.0,0.0,0.0,0.0,0.0,0.001,0.0,135.0,240.0,False,"{""sat"": ""[0.49000001 0.49000001 0.49000001 0.50999999 0.50999999 0.51999998\n 0.51999998 0.46000001]"", ""dul"": ""[0.38999999 0.38999999 0.38999999 0.38       0.38       0.38\n 0.38       0.36000001]"", ""ll"": ""[0.11 0.11 0.11 0.11 0.11 0.11 0.11 0.11]"", ""dlayr"": ""[ 5. 10.  5. 10. 10. 10. 10. 30.]""}"
HLA,2016,0,50000,MaskablePPO,2016-08-20,233,109,0.0,22.551,27.5,12.8,0.0,0.0,13418.98681640625,3532.93212890625,2.618234634399414,0.0,0,0,False,0.0,0.0,0.0,0.0,135.0,240.0,,2,0.0,0.0,0.0,0.0,0.0,0.0,0.001,0.0,135.0,240.0,False,"{""sat"": ""[0.49000001 0.49000001 0.49000001 0.50999999 0.50999999 0.51999998\n 0.51999998 0.46000001]"", ""dul"": ""[0.38999999 0.38999999 0.38999999 0.38       0.38       0.38\n 0.38       0.36000001]"", ""ll"": ""[0.11 0.11 0.11 0.11 0.11 0.11 0.11 0.11]"", ""dlayr"": ""[ 5. 10.  5. 10. 10. 10. 10. 30.]""}"
HLA,2016,0,50000,MaskablePPO,2016-08-21,234,110,0.0,17.465,26.3,17.7,0.0,0.0,13627.882080078125,3741.8270874023438,2.5747108459472656,0.0,0,0,False,0.0,0.0,0.0,0.0,135.0,240.0,,2,0.0,0.0,0.0,0.0,0.0,0.0,0.001,0.0,135.0,240.0,False,"{""sat"": ""[0.49000001 0.49000001 0.49000001 0.50999999 0.50999999 0.51999998\n 0.51999998 0.46000001]"", ""dul"": ""[0.38999999 0.38999999 0.38999999 0.38       0.38       0.38\n 0.38       0.36000001]"", ""ll"": ""[0.11 0.11 0.11 0.11 0.11 0.11 0.11 0.11]"", ""dlayr"": ""[ 5. 10.  5. 10. 10. 10. 10. 30.]""}"
HLA,2016,0,50000,MaskablePPO,2016-08-22,235,111,0.0,22.024,26.2,11.9,0.0,0.0,13836.77734375,3950.7217407226562,2.5263514518737793,0.0,0,0,False,0.0,0.0,0.0,0.0,135.0,240.0,,2,0.0,0.0,0.0,0.0,0.0,0.0,0.001,0.0,135.0,240.0,False,"{""sat"": ""[0.49000001 0.49000001 0.49000001 0.50999999 0.50999999 0.51999998\n 0.51999998 0.46000001]"", ""dul"": ""[0.38999999 0.38999999 0.38999999 0.38       0.38       0.38\n 0.38       0.36000001]"", ""ll"": ""[0.11 0.11 0.11 0.11 0.11 0.11 0.11 0.11]"", ""dlayr"": ""[ 5. 10.  5. 10. 10. 10. 10. 30.]""}"
HLA,2016,0,50000,MaskablePPO,2016-08-23,236,112,0.0,20.475,27.3,11.9,0.0,0.0,13956.817626953125,4159.616394042969,2.466524362564087,0.0,0,0,False,0.0,0.0,0.0,0.0,135.0,240.0,,2,0.0,0.0,0.0,0.0,0.0,0.0,0.001,0.0,135.0,240.0,False,"{""sat"": ""[0.49000001 0.49000001 0.49000001 0.50999999 0.50999999 0.51999998\n 0.51999998 0.46000001]"", ""dul"": ""[0.38999999 0.38999999 0.38999999 0.38       0.38       0.38\n 0.38       0.36000001]"", ""ll"": ""[0.11 0.11 0.11 0.11 0.11 0.11 0.11 0.11]"", ""dlayr"": ""[ 5. 10.  5. 10. 10. 10. 10. 30.]""}"
HLA,2016,0,50000,MaskablePPO,2016-08-24,237,113,0.3,6.738,24.9,18.1,0.0,0.0,14254.566650390625,4368.5113525390625,2.4287469387054443,0.0,0,0,False,0.0,0.0,0.0,0.0,135.0,240.0,,2,0.0,0.0,0.0,0.0,0.0,0.0,0.001,0.0,135.0,240.0,False,"{""sat"": ""[0.49000001 0.49000001 0.49000001 0.50999999 0.50999999 0.51999998\n 0.51999998 0.46000001]"", ""dul"": ""[0.38999999 0.38999999 0.38999999 0.38       0.38       0.38\n 0.38       0.36000001]"", ""ll"": ""[0.11 0.11 0.11 0.11 0.11 0.11 0.11 0.11]"", ""dlayr"": ""[ 5. 10.  5. 10. 10. 10. 10. 30.]""}"
HLA,2016,0,50000,MaskablePPO,2016-08-25,238,114,0.0,22.152,21.3,10.9,0.0,0.0,14463.463134765625,4577.406005859375,2.3890349864959717,0.0,0,0,False,0.0,0.0,0.0,0.0,135.0,240.0,,2,0.0,0.0,0.0,0.0,0.0,0.0,0.001,0.0,135.0,240.0,False,"{""sat"": ""[0.49000001 0.49000001 0.49000001 0.50999999 0.50999999 0.51999998\n 0.51999998 0.46000001]"", ""dul"": ""[0.38999999 0.38999999 0.38999999 0.38       0.38       0.38\n 0.38       0.36000001]"", ""ll"": ""[0.11 0.11 0.11 0.11 0.11 0.11 0.11 0.11]"", ""dlayr"": ""[ 5. 10.  5. 10. 10. 10. 10. 30.]""}"
HLA,2016,0,50000,MaskablePPO,2016-08-26,239,115,0.0,22.518,24.9,7.4,0.0,0.0,14672.357177734375,4786.3006591796875,2.332350492477417,0.0,0,0,False,0.0,0.0,0.0,0.0,135.0,240.0,,2,0.0,0.0,0.0,0.0,0.0,0.0,0.001,0.0,135.0,240.0,False,"{""sat"": ""[0.49000001 0.49000001 0.49000001 0.50999999 0.50999999 0.51999998\n 0.51999998 0.46000001]"", ""dul"": ""[0.38999999 0.38999999 0.38999999 0.38       0.38       0.38\n 0.38       0.36000001]"", ""ll"": ""[0.11 0.11 0.11 0.11 0.11 0.11 0.11 0.11]"", ""dlayr"": ""[ 5. 10.  5. 10. 10. 10. 10. 30.]""}"
HLA,2016,0,50000,MaskablePPO,2016-08-27,240,116,0.0,20.339,26.4,12.0,0.0,0.0,14881.25244140625,4995.1953125,2.2645816802978516,0.0,0,0,False,0.0,0.0,0.0,0.0,135.0,240.0,,2,0.0,0.0,0.0,0.0,0.0,0.0,0.001,0.0,135.0,240.0,False,"{""sat"": ""[0.49000001 0.49000001 0.49000001 0.50999999 0.50999999 0.51999998\n 0.51999998 0.46000001]"", ""dul"": ""[0.38999999 0.38999999 0.38999999 0.38       0.38       0.38\n 0.38       0.36000001]"", ""ll"": ""[0.11 0.11 0.11 0.11 0.11 0.11 0.11 0.11]"", ""dlayr"": ""[ 5. 10.  5. 10. 10. 10. 10. 30.]""}"
HLA,2016,0,50000,MaskablePPO,2016-08-28,241,117,0.0,20.542,27.7,13.7,0.0,0.0,15078.21044921875,5192.1533203125,2.223257303237915,0.0,0,0,False,0.0,0.0,0.0,0.0,135.0,240.0,,2,0.0,0.0,0.0,0.0,0.0,0.0,0.001,0.0,135.0,240.0,False,"{""sat"": ""[0.49000001 0.49000001 0.49000001 0.50999999 0.50999999 0.51999998\n 0.51999998 0.46000001]"", ""dul"": ""[0.38999999 0.38999999 0.38999999 0.38       0.38       0.38\n 0.38       0.36000001]"", ""ll"": ""[0.11 0.11 0.11 0.11 0.11 0.11 0.11 0.11]"", ""dlayr"": ""[ 5. 10.  5. 10. 10. 10. 10. 30.]""}"
HLA,2016,0,50000,MaskablePPO,2016-08-29,242,118,0.0,22.317,23.1,7.7,0.0,0.0,15141.2060546875,5355.29052734375,2.19059419631958,0.0,0,0,False,0.0,0.0,0.0,0.0,135.0,240.0,,2,0.0,0.0,0.0,0.0,0.0,0.0,0.001,0.0,135.0,240.0,False,"{""sat"": ""[0.49000001 0.49000001 0.49000001 0.50999999 0.50999999 0.51999998\n 0.51999998 0.46000001]"", ""dul"": ""[0.38999999 0.38999999 0.38999999 0.38       0.38       0.38\n 0.38       0.36000001]"", ""ll"": ""[0.11 0.11 0.11 0.11 0.11 0.11 0.11 0.11]"", ""dlayr"": ""[ 5. 10.  5. 10. 10. 10. 10. 30.]""}"
HLA,2016,0,50000,MaskablePPO,2016-08-30,243,119,9.3,4.522,15.6,11.8,0.0,0.0,15258.23486328125,5564.1851806640625,2.132586717605591,0.0,0,0,False,0.0,0.0,0.0,0.0,135.0,240.0,,2,0.0,0.0,0.0,0.0,0.0,0.0,0.001,0.0,135.0,240.0,False,"{""sat"": ""[0.49000001 0.49000001 0.49000001 0.50999999 0.50999999 0.51999998\n 0.51999998 0.46000001]"", ""dul"": ""[0.38999999 0.38999999 0.38999999 0.38       0.38       0.38\n 0.38       0.36000001]"", ""ll"": ""[0.11 0.11 0.11 0.11 0.11 0.11 0.11 0.11]"", ""dlayr"": ""[ 5. 10.  5. 10. 10. 10. 10. 30.]""}"
HLA,2016,0,50000,MaskablePPO,2016-08-31,244,120,2.2,6.851,22.9,12.7,0.0,0.0,15363.8916015625,5773.079833984375,2.065267562866211,0.0,0,0,False,0.0,0.0,0.0,0.0,135.0,240.0,,1,0.0,0.0,0.0,0.0,0.0,0.0,0.001,0.0,135.0,240.0,False,"{""sat"": ""[0.49000001 0.49000001 0.49000001 0.50999999 0.50999999 0.51999998\n 0.51999998 0.46000001]"", ""dul"": ""[0.38999999 0.38999999 0.38999999 0.38       0.38       0.38\n 0.38       0.36000001]"", ""ll"": ""[0.11 0.11 0.11 0.11 0.11 0.11 0.11 0.11]"", ""dlayr"": ""[ 5. 10.  5. 10. 10. 10. 10. 30.]""}"
HLA,2016,0,50000,MaskablePPO,2016-09-01,245,121,20.9,6.258,20.5,17.3,0.0,0.0,15406.898193359375,5981.9744873046875,2.006105422973633,0.0,0,0,False,0.0,0.0,0.0,0.0,135.0,240.0,,1,0.0,0.0,0.0,0.0,0.0,0.0,0.001,0.0,135.0,240.0,False,"{""sat"": ""[0.49000001 0.49000001 0.49000001 0.50999999 0.50999999 0.51999998\n 0.51999998 0.46000001]"", ""dul"": ""[0.38999999 0.38999999 0.38999999 0.38       0.38       0.38\n 0.38       0.36000001]"", ""ll"": ""[0.11 0.11 0.11 0.11 0.11 0.11 0.11 0.11]"", ""dlayr"": ""[ 5. 10.  5. 10. 10. 10. 10. 30.]""}"
HLA,2016,0,50000,MaskablePPO,2016-09-02,246,122,2.7,2.562,18.5,15.9,0.0,0.0,15643.61328125,6190.869140625,1.9156683683395386,0.0,0,0,False,0.0,0.0,0.0,0.0,135.0,240.0,,1,0.0,0.0,0.0,0.0,0.0,0.0,0.001,0.0,135.0,240.0,False,"{""sat"": ""[0.49000001 0.49000001 0.49000001 0.50999999 0.50999999 0.51999998\n 0.51999998 0.46000001]"", ""dul"": ""[0.38999999 0.38999999 0.38999999 0.38       0.38       0.38\n 0.38       0.36000001]"", ""ll"": ""[0.11 0.11 0.11 0.11 0.11 0.11 0.11 0.11]"", ""dlayr"": ""[ 5. 10.  5. 10. 10. 10. 10. 30.]""}"
HLA,2016,0,50000,MaskablePPO,2016-09-03,247,123,0.0,16.227,26.4,16.5,0.0,0.0,15822.674560546875,6399.7637939453125,1.824424386024475,0.0,0,0,False,0.0,0.0,0.0,0.0,135.0,240.0,,1,0.0,0.0,0.0,0.0,0.0,0.0,0.001,0.0,135.0,240.0,False,"{""sat"": ""[0.49000001 0.49000001 0.49000001 0.50999999 0.50999999 0.51999998\n 0.51999998 0.46000001]"", ""dul"": ""[0.38999999 0.38999999 0.38999999 0.38       0.38       0.38\n 0.38       0.36000001]"", ""ll"": ""[0.11 0.11 0.11 0.11 0.11 0.11 0.11 0.11]"", ""dlayr"": ""[ 5. 10.  5. 10. 10. 10. 10. 30.]""}"
HLA,2016,0,50000,MaskablePPO,2016-09-04,248,124,0.0,11.21,24.2,17.6,0.0,0.0,15982.00439453125,6608.658447265625,1.729419469833374,0.0,0,0,False,0.0,0.0,0.0,0.0,135.0,240.0,,1,0.0,0.0,0.0,0.0,0.0,0.0,0.001,0.0,135.0,240.0,False,"{""sat"": ""[0.49000001 0.49000001 0.49000001 0.50999999 0.50999999 0.51999998\n 0.51999998 0.46000001]"", ""dul"": ""[0.38999999 0.38999999 0.38999999 0.38       0.38       0.38\n 0.38       0.36000001]"", ""ll"": ""[0.11 0.11 0.11 0.11 0.11 0.11 0.11 0.11]"", ""dlayr"": ""[ 5. 10.  5. 10. 10. 10. 10. 30.]""}"
HLA,2016,0,50000,MaskablePPO,2016-09-05,249,125,1.8,10.249,24.3,17.3,0.0,0.0,16201.29638671875,6817.5537109375,1.6342296600341797,0.0,0,0,False,0.0,0.0,0.0,0.0,135.0,240.0,,1,0.0,0.0,0.0,0.0,0.0,0.0,0.001,0.0,135.0,240.0,False,"{""sat"": ""[0.49000001 0.49000001 0.49000001 0.50999999 0.50999999 0.51999998\n 0.51999998 0.46000001]"", ""dul"": ""[0.38999999 0.38999999 0.38999999 0.38       0.38       0.38\n 0.38       0.36000001]"", ""ll"": ""[0.11 0.11 0.11 0.11 0.11 0.11 0.11 0.11]"", ""dlayr"": ""[ 5. 10.  5. 10. 10. 10. 10. 30.]""}"
HLA,2016,0,50000,MaskablePPO,2016-09-06,250,126,0.0,15.136,25.1,15.4,0.0,0.0,16368.2275390625,7026.448974609375,1.5360153913497925,0.0,0,0,False,0.0,0.0,0.0,0.0,135.0,240.0,,1,0.0,0.0,0.0,0.0,0.0,0.0,0.001,0.0,135.0,240.0,False,"{""sat"": ""[0.49000001 0.49000001 0.49000001 0.50999999 0.50999999 0.51999998\n 0.51999998 0.46000001]"", ""dul"": ""[0.38999999 0.38999999 0.38999999 0.38       0.38       0.38\n 0.38       0.36000001]"", ""ll"": ""[0.11 0.11 0.11 0.11 0.11 0.11 0.11 0.11]"", ""dlayr"": ""[ 5. 10.  5. 10. 10. 10. 10. 30.]""}"
HLA,2016,0,50000,MaskablePPO,2016-09-07,251,127,18.5,11.303,25.1,15.1,0.0,0.0,16439.67041015625,7235.34423828125,1.4537841081619263,0.0,0,0,False,0.0,0.0,0.0,0.0,135.0,240.0,,1,0.0,0.0,0.0,0.0,0.0,0.0,0.001,0.0,135.0,240.0,False,"{""sat"": ""[0.49000001 0.49000001 0.49000001 0.50999999 0.50999999 0.51999998\n 0.51999998 0.46000001]"", ""dul"": ""[0.38999999 0.38999999 0.38999999 0.38       0.38       0.38\n 0.38       0.36000001]"", ""ll"": ""[0.11 0.11 0.11 0.11 0.11 0.11 0.11 0.11]"", ""dlayr"": ""[ 5. 10.  5. 10. 10. 10. 10. 30.]""}"
HLA,2016,0,50000,MaskablePPO,2016-09-08,252,128,9.0,4.971,20.3,15.2,0.0,0.0,16568.5205078125,7444.2388916015625,1.3767118453979492,0.0,0,0,False,0.0,0.0,0.0,0.0,135.0,240.0,,1,0.0,0.0,0.0,0.0,0.0,0.0,0.001,0.0,135.0,240.0,False,"{""sat"": ""[0.49000001 0.49000001 0.49000001 0.50999999 0.50999999 0.51999998\n 0.51999998 0.46000001]"", ""dul"": ""[0.38999999 0.38999999 0.38999999 0.38       0.38       0.38\n 0.38       0.36000001]"", ""ll"": ""[0.11 0.11 0.11 0.11 0.11 0.11 0.11 0.11]"", ""dlayr"": ""[ 5. 10.  5. 10. 10. 10. 10. 30.]""}"
HLA,2016,0,50000,MaskablePPO,2016-09-09,253,129,2.3,9.257,19.7,14.0,0.0,0.0,16568.5205078125,7444.2388916015625,1.3767118453979492,0.0,0,0,False,0.0,0.0,0.0,0.0,135.0,240.0,,1,0.0,0.0,0.0,0.0,0.0,0.0,0.001,0.0,135.0,240.0,False,"{""sat"": ""[0.49000001 0.49000001 0.49000001 0.50999999 0.50999999 0.51999998\n 0.51999998 0.46000001]"", ""dul"": ""[0.38999999 0.38999999 0.38999999 0.38       0.38       0.38\n 0.38       0.36000001]"", ""ll"": ""[0.11 0.11 0.11 0.11 0.11 0.11 0.11 0.11]"", ""dlayr"": ""[ 5. 10.  5. 10. 10. 10. 10. 30.]""}"
HLA,2016,0,50000,MaskablePPO,2016-09-10,254,130,0.0,15.601,21.0,12.1,0.0,0.0,16568.5205078125,7444.2388916015625,1.3767118453979492,0.0,0,0,False,0.0,0.0,0.0,0.0,135.0,240.0,,1,0.0,0.0,0.0,0.0,0.0,0.0,0.001,0.0,135.0,240.0,False,"{""sat"": ""[0.49000001 0.49000001 0.49000001 0.50999999 0.50999999 0.51999998\n 0.51999998 0.46000001]"", ""dul"": ""[0.38999999 0.38999999 0.38999999 0.38       0.38       0.38\n 0.38       0.36000001]"", ""ll"": ""[0.11 0.11 0.11 0.11 0.11 0.11 0.11 0.11]"", ""dlayr"": ""[ 5. 10.  5. 10. 10. 10. 10. 30.]""}"
HLA,2016,0,50000,MaskablePPO,2016-09-11,255,131,0.3,6.824,17.3,10.6,0.0,0.0,16568.5205078125,7444.2388916015625,1.3767118453979492,0.0,0,0,False,0.0,0.0,0.0,0.0,135.0,240.0,,1,0.0,0.0,0.0,0.0,0.0,0.0,0.001,0.0,135.0,240.0,False,"{""sat"": ""[0.49000001 0.49000001 0.49000001 0.50999999 0.50999999 0.51999998\n 0.51999998 0.46000001]"", ""dul"": ""[0.38999999 0.38999999 0.38999999 0.38       0.38       0.38\n 0.38       0.36000001]"", ""ll"": ""[0.11 0.11 0.11 0.11 0.11 0.11 0.11 0.11]"", ""dlayr"": ""[ 5. 10.  5. 10. 10. 10. 10. 30.]""}"
HLA,2016,0,50000,MaskablePPO,2016-09-12,256,132,0.3,6.763,18.7,13.6,0.0,0.0,16568.5205078125,7444.2388916015625,1.3767118453979492,0.0,0,0,False,0.0,0.0,0.0,0.0,135.0,240.0,,1,0.0,0.0,0.0,0.0,0.0,0.0,0.001,0.0,135.0,240.0,False,"{""sat"": ""[0.49000001 0.49000001 0.49000001 0.50999999 0.50999999 0.51999998\n 0.51999998 0.46000001]"", ""dul"": ""[0.38999999 0.38999999 0.38999999 0.38       0.38       0.38\n 0.38       0.36000001]"", ""ll"": ""[0.11 0.11 0.11 0.11 0.11 0.11 0.11 0.11]"", ""dlayr"": ""[ 5. 10.  5. 10. 10. 10. 10. 30.]""}"
HLA,2016,0,50000,MaskablePPO,2016-09-13,257,133,0.0,8.082,20.6,14.2,0.0,0.0,16568.5205078125,7444.2388916015625,1.3767118453979492,1.176189744873047,0,0,False,0.0,0.0,0.0,0.0,135.0,240.0,,1,1176.189744873047,0.0,0.0,0.0,0.0,1176.189744873047,0.001,1.176189744873047,135.0,240.0,True,"{""sat"": ""[0.49000001 0.49000001 0.49000001 0.50999999 0.50999999 0.51999998\n 0.51999998 0.46000001]"", ""dul"": ""[0.38999999 0.38999999 0.38999999 0.38       0.38       0.38\n 0.38       0.36000001]"", ""ll"": ""[0.11 0.11 0.11 0.11 0.11 0.11 0.11 0.11]"", ""dlayr"": ""[ 5. 10.  5. 10. 10. 10. 10. 30.]""}"
