station_code,year,branch,source_dap,target_requested_dap,target_actual_dap,moved_irrigation_mm,source_had_n_kg_ha
SYA,2014,move_DAP68_to_96,68,96,96,45.0,0.0
SYA,2014,move_DAP68_to_103,68,103,103,45.0,0.0
SYA,2014,move_DAP68_to_110,68,110,110,45.0,0.0
SYA,2017,move_DAP68_to_96,68,96,96,45.0,0.0
SYA,2017,move_DAP68_to_103,68,103,103,45.0,0.0
SYA,2017,move_DAP68_to_110,68,110,110,45.0,0.0
SYA,2022,move_DAP68_to_96,68,96,96,45.0,0.0
SYA,2022,move_DAP68_to_103,68,103,103,45.0,0.0
SYA,2022,move_DAP68_to_110,68,110,110,45.0,0.0
